-- Insert values on Customers table
INSERT INTO Customers (customer_id, name, phone, city, signup_date) VALUES
(1, 'Aarav Sharma', '9876543210', 'Mumbai', '2021-03-15'),
(2, 'Aditi Patel', '9123456789', 'Ahmedabad', '2022-07-22'),
(3, 'Arjun Singh', '9988776655', 'Delhi', '2020-11-30'),
(4, 'Ananya Gupta', '8765432109', 'Bangalore', '2023-01-10'),
(5, 'Aryan Verma', '7890123456', 'Pune', '2021-09-18'),
(6, 'Diya Reddy', '8901234567', 'Hyderabad', '2022-05-05'),
(7, 'Ishaan Kumar', '9012345678', 'Chennai', '2023-08-14'),
(8, 'Kavya Mehta', '8123456789', 'Jaipur', '2021-12-01'),
(9, 'Rohan Desai', '7234567890', 'Surat', '2022-10-20'),
(10, 'Saanvi Joshi', '8345678901', 'Lucknow', '2020-06-25'),
(11, 'Vihaan Nair', '9456789012', 'Kochi', '2023-04-12'),
(12, 'Zara Khan', '8567890123', 'Kolkata', '2021-11-11'),
(13, 'Yash Malhotra', '9678901234', 'Chandigarh', '2022-02-28'),
(14, 'Tara Iyer', '7789012345', 'Coimbatore', '2023-09-09'),
(15, 'Siddharth Rao', '8890123456', 'Indore', '2021-07-07'),
(16, 'Riya Bose', '9901234567', 'Bhopal', '2022-03-19'),
(17, 'Neil Chopra', '8012345678', 'Nagpur', '2020-12-12'),
(18, 'Myra Sen', '7123456789', 'Vadodara', '2023-06-30'),
(19, 'Lakshya Thakur', '8234567890', 'Visakhapatnam', '2021-10-05'),
(20, 'Kiara Dubey', '9345678901', 'Patna', '2022-08-17'),
(21, 'Kabir Agarwal', '7456789012', 'Kanpur', '2023-11-23'),
(22, 'Jia Kapoor', '8567890123', 'Nashik', '2021-04-04'),
(23, 'Hridaan Yadav', '9678901234', 'Aurangabad', '2022-12-31'),
(24, 'Gauri Pillai', '6789012345', 'Thiruvananthapuram', '2020-09-15'),
(25, 'Faisal Ahmed', '7890123456', 'Guwahati', '2023-05-20'),
(26, 'Esha Menon', '8901234567', 'Mysore', '2021-01-01'),
(27, 'Devansh Bhat', '9012345678', 'Warangal', '2022-06-11'),
(28, 'Bhavya Shetty', '8123456789', 'Mangalore', '2023-10-10'),
(29, 'Atharv Jain', '7234567890', 'Jodhpur', '2021-08-08'),
(30, 'Avni Saxena', '8345678901', 'Udaipur', '2022-11-14'),
(31, 'Ayaan Trivedi', '9456789012', 'Rajkot', '2020-10-10'),
(32, 'Anika Pandey', '8567890123', 'Jabalpur', '2023-07-07'),
(33, 'Arnav Chawla', '9678901234', 'Amritsar', '2021-05-25'),
(34, 'Dhruvi Shah', '7789012345', 'Bhubaneswar', '2022-09-30'),
(35, 'Eklavya Mishra', '8890123456', 'Ranchi', '2023-12-25'),
(36, 'Falak Singh', '9901234567', 'Dehradun', '2021-02-14'),
(37, 'Gaurang Roy', '8012345678', 'Agra', '2022-04-18'),
(38, 'Hiya Das', '7123456789', 'Meerut', '2020-08-20'),
(39, 'Ishan Goel', '8234567890', 'Faridabad', '2023-03-03'),
(40, 'Jivika Bansal', '9345678901', 'Ghaziabad', '2021-06-06'),
(41, 'Kian Mathur', '7456789012', 'Varanasi', '2022-07-21'),
(42, 'Lina Khanna', '8567890123', 'Srinagar', '2023-01-15'),
(43, 'Manan Arora', '9678901234', 'Allahabad', '2021-09-11'),
(44, 'Navya Sethi', '6789012345', 'Bareilly', '2022-10-25'),
(45, 'Ojaswi Vyas', '7890123456', 'Aligarh', '2020-11-01'),
(46, 'Pranay Tiwari', '8901234567', 'Moradabad', '2023-08-08'),
(47, 'Qayana Sharma', '9012345678', 'Gorakhpur', '2021-12-20'),
(48, 'Reyansh Jain', '8123456789', 'Saharanpur', '2022-01-30'),
(49, 'Sia Mittal', '7234567890', 'Noida', '2023-04-05'),
(50, 'Tanay Gupta', '8345678901', 'Gurgaon', '2021-03-22'),
(51, 'Urvi Reddy', '9456789012', 'Ludhiana', '2022-05-17'),
(52, 'Vivan Nair', '8567890123', 'Jalandhar', '2020-07-19'),
(53, 'Wafa Khan', '9678901234', 'Tiruchirappalli', '2023-09-14'),
(54, 'Xavier Dsouza', '7789012345', 'Madurai', '2021-11-05'),
(55, 'Yuvika Rao', '8890123456', 'Salem', '2022-12-12'),
(56, 'Zubin Fernandes', '9901234567', 'Erode', '2023-02-28'),
(57, 'Aahana Iyer', '8012345678', 'Vellore', '2021-04-11'),
(58, 'Bhavik Patel', '7123456789', 'Thoothukudi', '2022-08-08'),
(59, 'Chirag Mehta', '8234567890', 'Tirunelveli', '2020-10-03'),
(60, 'Disha Kapoor', '9345678901', 'Dindigul', '2023-11-11'),
(61, 'Eshan Verma', '7456789012', 'Kollam', '2021-01-25'),
(62, 'Falguni Singh', '8567890123', 'Alappuzha', '2022-03-14'),
(63, 'Gatik Joshi', '9678901234', 'Kottayam', '2023-05-30'),
(64, 'Hridaya Desai', '6789012345', 'Thrissur', '2021-07-15'),
(65, 'Ira Malhotra', '7890123456', 'Palakkad', '2022-09-22'),
(66, 'Jai Thakur', '8901234567', 'Malappuram', '2020-12-05'),
(67, 'Kaira Yadav', '9012345678', 'Kozhikode', '2023-06-18'),
(68, 'Laksh Pillai', '8123456789', 'Kannur', '2021-10-10'),
(69, 'Mira Ahmed', '7234567890', 'Kasaragod', '2022-11-27'),
(70, 'Nihal Menon', '8345678901', 'Raipur', '2023-01-08'),
(71, 'Oviya Shetty', '9456789012', 'Bhilai', '2021-02-20'),
(72, 'Parth Bhat', '8567890123', 'Bilaspur', '2022-04-04'),
(73, 'Qushi Jain', '9678901234', 'Korba', '2020-05-12'),
(74, 'Rhea Saxena', '7789012345', 'Durg', '2023-07-25'),
(75, 'Shaan Trivedi', '8890123456', 'Rourkela', '2021-08-30'),
(76, 'Tiya Pandey', '9901234567', 'Sambalpur', '2022-10-15'),
(77, 'Utkarsh Chawla', '8012345678', 'Cuttack', '2023-12-01'),
(78, 'Vanya Shah', '7123456789', 'Brahmapur', '2021-09-05'),
(79, 'Yashvi Mishra', '8234567890', 'Puri', '2022-11-11'),
(80, 'Zayan Singh', '9345678901', 'Jamshedpur', '2020-03-18'),
(81, 'Aarna Roy', '7456789012', 'Dhanbad', '2023-04-22'),
(82, 'Bhuv Das', '8567890123', 'Bokaro', '2021-05-27'),
(83, 'Chetan Goel', '9678901234', 'Hazaribagh', '2022-07-07'),
(84, 'Diya Bansal', '6789012345', 'Giridih', '2023-08-19'),
(85, 'Eshaan Mathur', '7890123456', 'Ranchi', '2021-06-14'),
(86, 'Fiona Khanna', '8901234567', 'Deoghar', '2022-09-01'),
(87, 'Gagan Arora', '9012345678', 'Phusro', '2020-11-22'),
(88, 'Hani Sethi', '8123456789', 'Medininagar', '2023-10-05'),
(89, 'Ishan Vyas', '7234567890', 'Chirkunda', '2021-12-18'),
(90, 'Jiya Tiwari', '8345678901', 'Jhumri Tilaiya', '2022-02-25'),
(91, 'Kush Sharma', '9456789012', 'Sahibganj', '2023-03-30'),
(92, 'Liva Jain', '8567890123', 'Pakur', '2021-04-08'),
(93, 'Moksh Mittal', '9678901234', 'Dumka', '2022-05-15'),
(94, 'Naina Gupta', '7789012345', 'Godda', '2020-06-20'),
(95, 'Ojas Reddy', '8890123456', 'Chaibasa', '2023-09-27'),
(96, 'Prisha Nair', '9901234567', 'Jugsalai', '2021-07-12'),
(97, 'Rian Khan', '8012345678', 'Mango', '2022-08-28'),
(98, 'Saanika Dsouza', '7123456789', 'Adityapur', '2023-11-14'),
(99, 'Tanvi Rao', '8234567890', 'Jamtara', '2021-10-19'),
(100, 'Veer Fernandes', '9345678901', 'Simdega', '2022-12-24');

-- Insert values on Restaurants table
INSERT INTO Restaurants (restaurant_id, name, cuisine, city, rating, is_active) VALUES
(101, 'Spice Junction', 'North Indian', 'Mumbai', 4.5, 1),
(102, 'Dosa Delight', 'South Indian', 'Chennai', 4.3, 1),
(103, 'Tandoor House', 'Mughlai', 'Delhi', 4.7, 1),
(104, 'Curry Leaf', 'South Indian', 'Bangalore', 4.2, 1),
(105, 'Punjabi Rasoi', 'Punjabi', 'Pune', 4.6, 1),
(106, 'Biryani Blues', 'Hyderabadi', 'Hyderabad', 4.8, 1),
(107, 'Kolkata Kathi Rolls', 'Street Food', 'Kolkata', 4.4, 0),
(108, 'Saffron Spice', 'North Indian', 'Ahmedabad', 4.1, 1),
(109, 'Masala Mantra', 'Multi-Cuisine', 'Jaipur', 4.0, 1),
(110, 'Idli Express', 'South Indian', 'Coimbatore', 4.3, 1),
(111, 'Royal Rajasthani', 'Rajasthani', 'Udaipur', 4.9, 1),
(112, 'Seafood Shack', 'Coastal', 'Kochi', 4.5, 1),
(113, 'Vada Pav Hub', 'Street Food', 'Mumbai', 3.8, 1),
(114, 'Nawabi Feast', 'Awadhi', 'Lucknow', 4.7, 1),
(115, 'Chaat Corner', 'Chaat', 'Indore', 4.2, 1),
(116, 'Bengali Bhoj', 'Bengali', 'Kolkata', 4.6, 1),
(117, 'Gujju Dhaba', 'Gujarati', 'Surat', 4.1, 1),
(118, 'Kerala Cafe', 'Kerala', 'Thiruvananthapuram', 4.4, 1),
(119, 'Pind Balluchi', 'Punjabi', 'Chandigarh', 4.5, 1),
(120, 'Sizzling Tandoor', 'North Indian', 'Nagpur', 4.0, 1),
(121, 'Momo Mania', 'Tibetan', 'Delhi', 4.3, 1),
(122, 'Thali King', 'Gujarati', 'Vadodara', 4.2, 1),
(123, 'Andhra Spice', 'Andhra', 'Visakhapatnam', 4.7, 1),
(124, 'Pav Bhaji Point', 'Street Food', 'Mumbai', 3.9, 1),
(125, 'Malabar Coast', 'Kerala', 'Kochi', 4.6, 1),
(126, 'Lucknowi Zaika', 'Awadhi', 'Lucknow', 4.8, 0),
(127, 'Rajasthan Royals', 'Rajasthani', 'Jodhpur', 4.5, 1),
(128, 'Dakshin Delights', 'South Indian', 'Madurai', 4.3, 1),
(129, 'Biryani Central', 'Hyderabadi', 'Hyderabad', 4.7, 1),
(130, 'Chai & Chaat', 'Cafe', 'Pune', 4.1, 1),
(131, 'Kathi Roll Express', 'Street Food', 'Kolkata', 4.0, 1),
(132, 'Tandoori Nights', 'North Indian', 'Delhi', 4.6, 1),
(133, 'Sambar Sadan', 'South Indian', 'Chennai', 4.4, 1),
(134, 'Punjab Grill', 'Punjabi', 'Amritsar', 4.8, 1),
(135, 'Gobi & Gota', 'Street Food', 'Ahmedabad', 3.7, 1),
(136, 'Nizam''s Kitchen', 'Hyderabadi', 'Hyderabad', 4.9, 1),
(137, 'Udupi Upahar', 'South Indian', 'Mysore', 4.2, 1),
(138, 'Jalebi Junction', 'Sweets', 'Jaipur', 4.5, 1),
(139, 'Kebab Korner', 'Mughlai', 'Delhi', 4.4, 1),
(140, 'Filter Coffee House', 'Cafe', 'Bangalore', 4.1, 1),
(141, 'Bhojanalay', 'Gujarati', 'Rajkot', 4.3, 1),
(142, 'Coastal Curry', 'Coastal', 'Mangalore', 4.6, 1),
(143, 'Pani Puri Palace', 'Chaat', 'Mumbai', 3.8, 1),
(144, 'Haleem Hub', 'Hyderabadi', 'Hyderabad', 4.7, 1),
(145, 'Marwari Bhojan', 'Rajasthani', 'Bikaner', 4.4, 1),
(146, 'Dosa Darbar', 'South Indian', 'Salem', 4.2, 1),
(147, 'Shawarma Street', 'Lebanese', 'Kochi', 4.0, 1),
(148, 'Biryani Baithak', 'Hyderabadi', 'Secunderabad', 4.8, 1),
(149, 'Rasoi Ghar', 'North Indian', 'Bhopal', 4.3, 1),
(150, 'Misal Pav Point', 'Maharashtrian', 'Pune', 4.1, 1),
(151, 'Khandani Rajputana', 'Rajasthani', 'Jaisalmer', 4.6, 1),
(152, 'Appam Station', 'Kerala', 'Alappuzha', 4.5, 1),
(153, 'Litti Chokha Express', 'Bihari', 'Patna', 4.2, 1),
(154, 'Falooda Fantasy', 'Desserts', 'Mumbai', 4.0, 1),
(155, 'Tunday Kebabi', 'Awadhi', 'Lucknow', 4.9, 1),
(156, 'Paratha Plaza', 'North Indian', 'Amritsar', 4.3, 1),
(157, 'Idli Vada Cafe', 'South Indian', 'Tiruchirappalli', 4.1, 1),
(158, 'Paya House', 'Mughlai', 'Delhi', 4.4, 1),
(159, 'Thattu Kadai', 'Tamil', 'Madurai', 4.2, 1),
(160, 'Kuzhi Paniyaram', 'Chettinad', 'Karaikudi', 4.7, 1),
(161, 'Bambaiya Vada Pav', 'Street Food', 'Mumbai', 3.9, 1),
(162, 'Nawab''s Nihari', 'Awadhi', 'Lucknow', 4.8, 1),
(163, 'Samosa Singh', 'Street Food', 'Delhi', 4.0, 1),
(164, 'Rasam Rice', 'South Indian', 'Coimbatore', 4.3, 1),
(165, 'Ghewar Gali', 'Rajasthani', 'Jaipur', 4.5, 1),
(166, 'Kofta King', 'North Indian', 'Agra', 4.2, 1),
(167, 'Pongal Point', 'South Indian', 'Thanjavur', 4.1, 1),
(168, 'Kebab & Kurry', 'Mughlai', 'Hyderabad', 4.6, 1),
(169, 'Chole Bhature Hub', 'Punjabi', 'Chandigarh', 4.4, 1),
(170, 'Poha Jalebi', 'Street Food', 'Indore', 4.0, 1),
(171, 'Dal Baati House', 'Rajasthani', 'Ajmer', 4.7, 1),
(172, 'Fish Fry Corner', 'Coastal', 'Visakhapatnam', 4.3, 1),
(173, 'Bisi Bele Bath', 'Karnataka', 'Bangalore', 4.5, 1),
(174, 'Kulfi Falooda', 'Desserts', 'Delhi', 4.1, 1),
(175, 'Aloo Paratha Point', 'North Indian', 'Ludhiana', 4.2, 1),
(176, 'Chettinad Chicken', 'Chettinad', 'Chennai', 4.8, 1),
(177, 'Rabri Wala', 'Sweets', 'Mathura', 4.4, 1),
(178, 'Pav Bhaji Express', 'Street Food', 'Pune', 4.0, 1),
(179, 'Khandvi King', 'Gujarati', 'Ahmedabad', 4.3, 1),
(180, 'Mutton Rogan Josh', 'Kashmiri', 'Srinagar', 4.7, 1),
(181, 'Banana Leaf', 'South Indian', 'Kochi', 4.5, 1),
(182, 'Gulab Jamun Gali', 'Sweets', 'Kolkata', 4.1, 1),
(183, 'Tikka Town', 'North Indian', 'Gurgaon', 4.6, 1),
(184, 'Dahi Vada House', 'Chaat', 'Jaipur', 4.2, 1),
(185, 'Prawn Gassi', 'Mangalorean', 'Mangalore', 4.8, 1),
(186, 'Kachori Corner', 'Street Food', 'Jodhpur', 4.0, 1),
(187, 'Upma Universe', 'South Indian', 'Mysore', 4.1, 1),
(188, 'Biryani by Kilo', 'Hyderabadi', 'Noida', 4.7, 1),
(189, 'Lassi Lounge', 'Beverages', 'Amritsar', 4.3, 1),
(190, 'Pindi Chole', 'Punjabi', 'Delhi', 4.5, 1),
(191, 'Modak Magic', 'Maharashtrian', 'Mumbai', 4.2, 1),
(192, 'Kozhi Curry', 'Kerala', 'Thrissur', 4.6, 1),
(193, 'Rosogolla Republic', 'Bengali', 'Kolkata', 4.4, 1),
(194, 'Butter Chicken Hub', 'North Indian', 'Bangalore', 4.3, 1),
(195, 'Mishti Doi', 'Bengali', 'Siliguri', 4.1, 1),
(196, 'Dhokla Den', 'Gujarati', 'Surat', 4.0, 1),
(197, 'Kababjees', 'Mughlai', 'Kanpur', 4.5, 1),
(198, 'Filter Kaapi', 'Cafe', 'Chennai', 4.2, 1),
(199, 'Paya Soup Point', 'Street Food', 'Bhopal', 4.0, 1),
(200, 'Mirchi Bajji', 'Street Food', 'Vijayawada', 4.1, 1);

-- Insert values on Menu Items table
INSERT INTO Menu_Items (item_id, restaurant_id, item_name, price, category) VALUES
(201, 101, 'Butter Chicken', 350.00, 'Main Course'),
(202, 101, 'Dal Makhani', 280.00, 'Main Course'),
(203, 101, 'Paneer Tikka Masala', 320.00, 'Main Course'),
(204, 101, 'Garlic Naan', 70.00, 'Breads'),
(205, 102, 'Masala Dosa', 120.00, 'Main Course'),
(206, 102, 'Idli Sambar', 90.00, 'Main Course'),
(207, 102, 'Filter Coffee', 50.00, 'Beverages'),
(208, 102, 'Medu Vada', 80.00, 'Snacks'),
(209, 103, 'Mutton Rogan Josh', 480.00, 'Main Course'),
(210, 103, 'Chicken Biryani', 380.00, 'Main Course'),
(211, 103, 'Tandoori Roti', 45.00, 'Breads'),
(212, 103, 'Gulab Jamun', 90.00, 'Desserts'),
(213, 104, 'Veg Thali', 250.00, 'Thali'),
(214, 104, 'Rava Dosa', 140.00, 'Main Course'),
(215, 104, 'Coconut Chutney', 40.00, 'Sides'),
(216, 104, 'Rasam', 60.00, 'Sides'),
(217, 105, 'Amritsari Kulcha', 180.00, 'Main Course'),
(218, 105, 'Chole Bhature', 160.00, 'Main Course'),
(219, 105, 'Lassi', 80.00, 'Beverages'),
(220, 105, 'Aloo Paratha', 120.00, 'Breads'),
(221, 106, 'Hyderabadi Dum Biryani', 420.00, 'Main Course'),
(222, 106, 'Mirchi Ka Salan', 150.00, 'Sides'),
(223, 106, 'Double Ka Meetha', 110.00, 'Desserts'),
(224, 106, 'Haleem', 320.00, 'Main Course'),
(225, 107, 'Egg Roll', 90.00, 'Snacks'),
(226, 107, 'Chicken Kathi Roll', 130.00, 'Snacks'),
(227, 107, 'Puchka', 60.00, 'Snacks'),
(228, 107, 'Mango Lassi', 95.00, 'Beverages'),
(229, 108, 'Paneer Butter Masala', 310.00, 'Main Course'),
(230, 108, 'Jeera Rice', 150.00, 'Rice'),
(231, 108, 'Tandoori Chicken', 420.00, 'Starters'),
(232, 108, 'Raita', 70.00, 'Sides'),
(233, 109, 'Dal Baati Churma', 340.00, 'Main Course'),
(234, 109, 'Gatte Ki Sabzi', 220.00, 'Main Course'),
(235, 109, 'Laal Maas', 480.00, 'Main Course'),
(236, 109, 'Ker Sangri', 180.00, 'Sides'),
(237, 110, 'Plain Dosa', 100.00, 'Main Course'),
(238, 110, 'Onion Uttapam', 130.00, 'Main Course'),
(239, 110, 'Sambar', 60.00, 'Sides'),
(240, 110, 'Coconut Milk Payasam', 90.00, 'Desserts'),
(241, 111, 'Rajasthani Thali', 450.00, 'Thali'),
(242, 111, 'Panchmel Dal', 200.00, 'Main Course'),
(243, 111, 'Bajra Roti', 50.00, 'Breads'),
(244, 111, 'Mohan Maas', 520.00, 'Main Course'),
(245, 112, 'Kerala Fish Curry', 380.00, 'Main Course'),
(246, 112, 'Appam', 80.00, 'Breads'),
(247, 112, 'Beef Fry', 450.00, 'Starters'),
(248, 112, 'Palada Payasam', 110.00, 'Desserts'),
(249, 113, 'Vada Pav', 40.00, 'Snacks'),
(250, 113, 'Misal Pav', 90.00, 'Snacks'),
(251, 113, 'Pav Bhaji', 120.00, 'Main Course'),
(252, 113, 'Cutting Chai', 25.00, 'Beverages'),
(253, 114, 'Galouti Kebab', 380.00, 'Starters'),
(254, 114, 'Lucknowi Biryani', 400.00, 'Main Course'),
(255, 114, 'Sheermal', 80.00, 'Breads'),
(256, 114, 'Shahi Tukda', 130.00, 'Desserts'),
(257, 115, 'Poha', 70.00, 'Snacks'),
(258, 115, 'Sabudana Khichdi', 90.00, 'Snacks'),
(259, 115, 'Sev Tamatar', 110.00, 'Main Course'),
(260, 115, 'Jalebi', 80.00, 'Desserts'),
(261, 116, 'Fish Curry', 320.00, 'Main Course'),
(262, 116, 'Luchi', 60.00, 'Breads'),
(263, 116, 'Kosha Mangsho', 420.00, 'Main Course'),
(264, 116, 'Mishti Doi', 90.00, 'Desserts'),
(265, 117, 'Undhiyu', 280.00, 'Main Course'),
(266, 117, 'Thepla', 50.00, 'Breads'),
(267, 117, 'Shrikhand', 110.00, 'Desserts'),
(268, 117, 'Fafda', 70.00, 'Snacks'),
(269, 118, 'Karimeen Pollichathu', 450.00, 'Main Course'),
(270, 118, 'Puttu', 80.00, 'Breads'),
(271, 118, 'Beef Ularthiyathu', 480.00, 'Main Course'),
(272, 118, 'Ela Ada', 90.00, 'Desserts'),
(273, 119, 'Sarson Da Saag', 260.00, 'Main Course'),
(274, 119, 'Makki Di Roti', 60.00, 'Breads'),
(275, 119, 'Butter Chicken', 380.00, 'Main Course'),
(276, 119, 'Pinni', 100.00, 'Desserts'),
(277, 120, 'Chicken Kolhapuri', 340.00, 'Main Course'),
(278, 120, 'Tambda Rassa', 280.00, 'Main Course'),
(279, 120, 'Bhakri', 50.00, 'Breads'),
(280, 120, 'Puran Poli', 110.00, 'Desserts'),
(281, 121, 'Chicken Momo', 140.00, 'Snacks'),
(282, 121, 'Thukpa', 180.00, 'Main Course'),
(283, 121, 'Tingmo', 70.00, 'Breads'),
(284, 121, 'Butter Tea', 80.00, 'Beverages'),
(285, 122, 'Gujarati Thali', 320.00, 'Thali'),
(286, 122, 'Khandvi', 90.00, 'Snacks'),
(287, 122, 'Basundi', 110.00, 'Desserts'),
(288, 122, 'Sev Tameta', 160.00, 'Main Course'),
(289, 123, 'Gongura Chicken', 380.00, 'Main Course'),
(290, 123, 'Pesarattu', 130.00, 'Main Course'),
(291, 123, 'Pulihora', 140.00, 'Rice'),
(292, 123, 'Qubani Ka Meetha', 120.00, 'Desserts'),
(293, 124, 'Pav Bhaji', 130.00, 'Main Course'),
(294, 124, 'Dabeli', 60.00, 'Snacks'),
(295, 124, 'Falooda', 110.00, 'Desserts'),
(296, 124, 'Bhel Puri', 70.00, 'Snacks'),
(297, 125, 'Malabar Parotta', 70.00, 'Breads'),
(298, 125, 'Kerala Beef Roast', 480.00, 'Main Course'),
(299, 125, 'Avial', 200.00, 'Sides'),
(300, 125, 'Banana Fritters', 90.00, 'Desserts'),
(301, 126, 'Tunday Kebab', 420.00, 'Starters'),
(302, 126, 'Warqi Paratha', 90.00, 'Breads'),
(303, 126, 'Nihari', 450.00, 'Main Course'),
(304, 126, 'Phirni', 100.00, 'Desserts'),
(305, 127, 'Jungli Maas', 520.00, 'Main Course'),
(306, 127, 'Mohan Thaal', 110.00, 'Desserts'),
(307, 127, 'Bajre Ki Khichdi', 180.00, 'Main Course'),
(308, 127, 'Missi Roti', 60.00, 'Breads'),
(309, 128, 'Chicken Chettinad', 380.00, 'Main Course'),
(310, 128, 'Idiyappam', 80.00, 'Breads'),
(311, 128, 'Kozhukkattai', 90.00, 'Snacks'),
(312, 128, 'Palkova', 120.00, 'Desserts'),
(313, 129, 'Mutton Biryani', 450.00, 'Main Course'),
(314, 129, 'Bagara Baingan', 180.00, 'Sides'),
(315, 129, 'Khubani Ka Meetha', 130.00, 'Desserts'),
(316, 129, 'Raita', 70.00, 'Sides'),
(317, 130, 'Masala Chai', 40.00, 'Beverages'),
(318, 130, 'Samosa Chaat', 110.00, 'Snacks'),
(319, 130, 'Aloo Tikki', 90.00, 'Snacks'),
(320, 130, 'Cold Coffee', 95.00, 'Beverages'),
(321, 131, 'Paneer Roll', 120.00, 'Snacks'),
(322, 131, 'Fish Fry Roll', 150.00, 'Snacks'),
(323, 131, 'Ghugni Chaat', 80.00, 'Snacks'),
(324, 131, 'Rose Lassi', 90.00, 'Beverages'),
(325, 132, 'Tandoori Platter', 650.00, 'Starters'),
(326, 132, 'Malai Kofta', 340.00, 'Main Course'),
(327, 132, 'Laccha Paratha', 80.00, 'Breads'),
(328, 132, 'Kulfi', 100.00, 'Desserts'),
(329, 133, 'Rava Kesari', 90.00, 'Desserts'),
(330, 133, 'Podi Dosa', 140.00, 'Main Course'),
(331, 133, 'Sambar Rice', 160.00, 'Rice'),
(332, 133, 'Filter Coffee', 50.00, 'Beverages'),
(333, 134, 'Makhan Malai', 130.00, 'Desserts'),
(334, 134, 'Amritsari Fish', 420.00, 'Starters'),
(335, 134, 'Dal Amritsari', 260.00, 'Main Course'),
(336, 134, 'Tandoori Roti', 45.00, 'Breads'),
(337, 135, 'Dhokla', 90.00, 'Snacks'),
(338, 135, 'Handvo', 110.00, 'Snacks'),
(339, 135, 'Patra', 80.00, 'Snacks'),
(340, 135, 'Jalebi Fafda', 100.00, 'Snacks'),
(341, 136, 'Paradise Biryani', 480.00, 'Main Course'),
(342, 136, 'Talawa Gosht', 520.00, 'Main Course'),
(343, 136, 'Apricot Delight', 140.00, 'Desserts'),
(344, 136, 'Osmania Biscuit', 60.00, 'Snacks'),
(345, 137, 'Mysore Masala Dosa', 150.00, 'Main Course'),
(346, 137, 'Bisi Bele Bath', 180.00, 'Main Course'),
(347, 137, 'Maddur Vada', 70.00, 'Snacks'),
(348, 137, 'Mysore Pak', 110.00, 'Desserts'),
(349, 138, 'Ghewar', 180.00, 'Desserts'),
(350, 138, 'Rabri', 120.00, 'Desserts'),
(351, 138, 'Pyaaz Kachori', 70.00, 'Snacks'),
(352, 138, 'Mirchi Vada', 80.00, 'Snacks'),
(353, 139, 'Seekh Kebab', 380.00, 'Starters'),
(354, 139, 'Chicken Changezi', 420.00, 'Main Course'),
(355, 139, 'Rumali Roti', 60.00, 'Breads'),
(356, 139, 'Shahi Paneer', 340.00, 'Main Course'),
(357, 140, 'Cold Brew Coffee', 130.00, 'Beverages'),
(358, 140, 'Avocado Toast', 220.00, 'Snacks'),
(359, 140, 'Pasta Arrabiata', 280.00, 'Main Course'),
(360, 140, 'Tiramisu', 180.00, 'Desserts'),
(361, 141, 'Surti Locho', 90.00, 'Snacks'),
(362, 141, 'Gujarati Dal', 160.00, 'Main Course'),
(363, 141, 'Rotla', 50.00, 'Breads'),
(364, 141, 'Mohanthal', 110.00, 'Desserts'),
(365, 142, 'Neer Dosa', 100.00, 'Main Course'),
(366, 142, 'Kori Rotti', 380.00, 'Main Course'),
(367, 142, 'Gadbad Ice Cream', 140.00, 'Desserts'),
(368, 142, 'Mangalore Buns', 80.00, 'Snacks'),
(369, 143, 'Pani Puri', 60.00, 'Snacks'),
(370, 143, 'Sev Puri', 70.00, 'Snacks'),
(371, 143, 'Ragda Pattice', 90.00, 'Snacks'),
(372, 143, 'Falooda', 120.00, 'Desserts'),
(373, 144, 'Chicken Haleem', 350.00, 'Main Course'),
(374, 144, 'Mutton Haleem', 420.00, 'Main Course'),
(375, 144, 'Sheer Khurma', 130.00, 'Desserts'),
(376, 144, 'Luqmi', 110.00, 'Starters'),
(377, 145, 'Safed Maas', 520.00, 'Main Course'),
(378, 145, 'Dal Baati', 300.00, 'Main Course'),
(379, 145, 'Churma Ladoo', 90.00, 'Desserts'),
(380, 145, 'Bajra Roti', 50.00, 'Breads'),
(381, 146, 'Plain Dosa', 90.00, 'Main Course'),
(382, 146, 'Tomato Uttapam', 130.00, 'Main Course'),
(383, 146, 'Coconut Chutney', 40.00, 'Sides'),
(384, 146, 'Kesari Bath', 90.00, 'Desserts'),
(385, 147, 'Chicken Shawarma', 180.00, 'Main Course'),
(386, 147, 'Falafel Wrap', 150.00, 'Main Course'),
(387, 147, 'Hummus', 120.00, 'Starters'),
(388, 147, 'Kunafa', 160.00, 'Desserts'),
(389, 148, 'Veg Biryani', 280.00, 'Main Course'),
(390, 148, 'Egg Biryani', 320.00, 'Main Course'),
(391, 148, 'Raitha', 70.00, 'Sides'),
(392, 148, 'Double Ka Meetha', 110.00, 'Desserts'),
(393, 149, 'Bhutte Ka Kees', 140.00, 'Snacks'),
(394, 149, 'Palak Poori', 160.00, 'Main Course'),
(395, 149, 'Malpua', 110.00, 'Desserts'),
(396, 149, 'Bafla', 180.00, 'Main Course'),
(397, 150, 'Vada Pav', 50.00, 'Snacks'),
(398, 150, 'Sabudana Vada', 90.00, 'Snacks'),
(399, 150, 'Kothimbir Vadi', 80.00, 'Snacks'),
(400, 150, 'Shrikhand', 120.00, 'Desserts');

-- Insert values on Orders table
INSERT INTO Orders (order_id, customer_id, restaurant_id, order_time, delivery_time, status, total_amount) VALUES
(401, 1, 101, '2025-11-10 18:45:00', '2025-11-10 19:25:00', 'Delivered', 700.00),
(402, 2, 102, '2025-11-10 19:10:00', '2025-11-10 19:55:00', 'Delivered', 410.00),
(403, 3, 103, '2025-11-10 17:30:00', '2025-11-10 18:15:00', 'Delivered', 1050.00),
(404, 4, 104, '2025-11-10 20:00:00', NULL, 'Canceled', 390.00),
(405, 5, 105, '2025-11-10 12:15:00', '2025-11-10 12:50:00', 'Delivered', 460.00),
(406, 6, 106, '2025-11-10 13:00:00', '2025-11-10 13:45:00', 'Delivered', 860.00),
(407, 7, 107, '2025-11-10 18:20:00', '2025-11-10 18:50:00', 'Delivered', 280.00),
(408, 8, 108, '2025-11-10 19:30:00', '2025-11-10 20:15:00', 'Delivered', 630.00),
(409, 9, 109, '2025-11-10 11:45:00', '2025-11-10 12:30:00', 'Delivered', 820.00),
(410, 10, 110, '2025-11-10 20:15:00', NULL, 'Canceled', 190.00),
(411, 11, 111, '2025-11-10 14:00:00', '2025-11-10 14:45:00', 'Delivered', 970.00),
(412, 12, 112, '2025-11-10 18:00:00', '2025-11-10 18:40:00', 'Delivered', 830.00),
(413, 13, 113, '2025-11-10 19:45:00', '2025-11-10 20:10:00', 'Delivered', 160.00),
(414, 14, 114, '2025-11-10 12:30:00', '2025-11-10 13:20:00', 'Delivered', 910.00),
(415, 15, 115, '2025-11-10 17:00:00', '2025-11-10 17:35:00', 'Delivered', 250.00),
(416, 16, 116, '2025-11-10 20:30:00', '2025-11-10 21:10:00', 'Delivered', 740.00),
(417, 17, 117, '2025-11-10 13:15:00', '2025-11-10 13:55:00', 'Delivered', 490.00),
(418, 18, 118, '2025-11-10 19:00:00', NULL, 'Canceled', 530.00),
(419, 19, 119, '2025-11-10 11:30:00', '2025-11-10 12:05:00', 'Delivered', 640.00),
(420, 20, 120, '2025-11-10 18:15:00', '2025-11-10 19:00:00', 'Delivered', 620.00),
(421, 21, 121, '2025-11-10 20:45:00', '2025-11-10 21:20:00', 'Delivered', 360.00),
(422, 22, 122, '2025-11-10 12:00:00', '2025-11-10 12:45:00', 'Delivered', 430.00),
(423, 23, 123, '2025-11-10 17:45:00', '2025-11-10 18:30:00', 'Delivered', 660.00),
(424, 24, 124, '2025-11-10 19:15:00', '2025-11-10 19:50:00', 'Delivered', 300.00),
(425, 25, 125, '2025-11-10 14:30:00', '2025-11-10 15:10:00', 'Delivered', 750.00),
(426, 26, 126, '2025-11-10 18:30:00', NULL, 'Canceled', 970.00),
(427, 27, 127, '2025-11-10 13:30:00', '2025-11-10 14:15:00', 'Delivered', 830.00),
(428, 28, 128, '2025-11-10 20:00:00', '2025-11-10 20:40:00', 'Delivered', 470.00),
(429, 29, 129, '2025-11-10 11:15:00', '2025-11-10 12:00:00', 'Delivered', 780.00),
(430, 30, 130, '2025-11-10 19:30:00', '2025-11-10 20:00:00', 'Delivered', 240.00),
(431, 31, 131, '2025-11-10 17:15:00', '2025-11-10 17:50:00', 'Delivered', 310.00),
(432, 32, 132, '2025-11-10 12:45:00', '2025-11-10 13:30:00', 'Delivered', 1020.00),
(433, 33, 133, '2025-11-10 20:15:00', NULL, 'Canceled', 230.00),
(434, 34, 134, '2025-11-10 14:15:00', '2025-11-10 15:00:00', 'Delivered', 680.00),
(435, 35, 135, '2025-11-10 18:45:00', '2025-11-10 19:20:00', 'Delivered', 190.00),
(436, 36, 136, '2025-11-10 13:45:00', '2025-11-10 14:30:00', 'Delivered', 1090.00),
(437, 37, 137, '2025-11-10 19:00:00', '2025-11-10 19:45:00', 'Delivered', 440.00),
(438, 38, 138, '2025-11-10 11:00:00', '2025-11-10 11:40:00', 'Delivered', 350.00),
(439, 39, 139, '2025-11-10 20:30:00', '2025-11-10 21:15:00', 'Delivered', 800.00),
(440, 40, 140, '2025-11-10 17:30:00', NULL, 'Canceled', 410.00),
(441, 41, 141, '2025-11-10 12:15:00', '2025-11-10 13:00:00', 'Delivered', 370.00),
(442, 42, 142, '2025-11-10 18:00:00', '2025-11-10 18:45:00', 'Delivered', 520.00),
(443, 43, 143, '2025-11-10 19:45:00', '2025-11-10 20:15:00', 'Delivered', 340.00),
(444, 44, 144, '2025-11-10 14:00:00', '2025-11-10 14:45:00', 'Delivered', 880.00),
(445, 45, 145, '2025-11-10 13:00:00', '2025-11-10 13:45:00', 'Delivered', 910.00),
(446, 46, 146, '2025-11-10 20:00:00', '2025-11-10 20:35:00', 'Delivered', 220.00),
(447, 47, 147, '2025-11-10 11:30:00', '2025-11-10 12:10:00', 'Delivered', 490.00),
(448, 48, 148, '2025-11-10 18:15:00', NULL, 'Canceled', 390.00),
(449, 49, 149, '2025-11-10 17:00:00', '2025-11-10 17:40:00', 'Delivered', 450.00),
(450, 50, 150, '2025-11-10 19:15:00', '2025-11-10 19:55:00', 'Delivered', 260.00),
(451, 51, 101, '2025-11-10 12:30:00', '2025-11-10 13:10:00', 'Delivered', 630.00),
(452, 52, 102, '2025-11-10 20:45:00', '2025-11-10 21:25:00', 'Delivered', 170.00),
(453, 53, 103, '2025-11-10 14:45:00', '2025-11-10 15:30:00', 'Delivered', 860.00),
(454, 54, 104, '2025-11-10 18:30:00', '2025-11-10 19:05:00', 'Delivered', 390.00),
(455, 55, 105, '2025-11-10 11:45:00', NULL, 'Canceled', 300.00),
(456, 56, 106, '2025-11-10 19:30:00', '2025-11-10 20:15:00', 'Delivered', 740.00),
(457, 57, 107, '2025-11-10 13:15:00', '2025-11-10 13:50:00', 'Delivered', 150.00),
(458, 58, 108, '2025-11-10 17:45:00', '2025-11-10 18:30:00', 'Delivered', 700.00),
(459, 59, 109, '2025-11-10 20:15:00', '2025-11-10 21:00:00', 'Delivered', 680.00),
(460, 60, 110, '2025-11-10 12:00:00', '2025-11-10 12:35:00', 'Delivered', 280.00),
(461, 61, 111, '2025-11-10 18:45:00', '2025-11-10 19:30:00', 'Delivered', 970.00),
(462, 62, 112, '2025-11-10 14:30:00', NULL, 'Canceled', 450.00),
(463, 63, 113, '2025-11-10 19:00:00', '2025-11-10 19:30:00', 'Delivered', 200.00),
(464, 64, 114, '2025-11-10 11:15:00', '2025-11-10 12:00:00', 'Delivered', 780.00),
(465, 65, 115, '2025-11-10 20:30:00', '2025-11-10 21:10:00', 'Delivered', 170.00),
(466, 66, 116, '2025-11-10 17:15:00', '2025-11-10 17:55:00', 'Delivered', 830.00),
(467, 67, 117, '2025-11-10 13:30:00', '2025-11-10 14:10:00', 'Delivered', 540.00),
(468, 68, 118, '2025-11-10 19:45:00', '2025-11-10 20:30:00', 'Delivered', 620.00),
(469, 69, 119, '2025-11-10 12:45:00', NULL, 'Canceled', 460.00),
(470, 70, 120, '2025-11-10 18:00:00', '2025-11-10 18:40:00', 'Delivered', 350.00),
(471, 71, 121, '2025-11-10 20:00:00', '2025-11-10 20:35:00', 'Delivered', 290.00),
(472, 72, 122, '2025-11-10 14:15:00', '2025-11-10 15:00:00', 'Delivered', 510.00),
(473, 73, 123, '2025-11-10 11:30:00', '2025-11-10 12:15:00', 'Delivered', 520.00),
(474, 74, 124, '2025-11-10 19:15:00', '2025-11-10 19:50:00', 'Delivered', 190.00),
(475, 75, 125, '2025-11-10 17:30:00', '2025-11-10 18:15:00', 'Delivered', 680.00),
(476, 76, 126, '2025-11-10 13:00:00', '2025-11-10 13:45:00', 'Delivered', 970.00),
(477, 77, 127, '2025-11-10 20:45:00', NULL, 'Canceled', 620.00),
(478, 78, 128, '2025-11-10 12:15:00', '2025-11-10 13:00:00', 'Delivered', 380.00),
(479, 79, 129, '2025-11-10 18:30:00', '2025-11-10 19:10:00', 'Delivered', 590.00),
(480, 80, 130, '2025-11-10 19:30:00', '2025-11-10 20:05:00', 'Delivered', 150.00),
(481, 81, 131, '2025-11-10 14:00:00', '2025-11-10 14:40:00', 'Delivered', 260.00),
(482, 82, 132, '2025-11-10 11:00:00', '2025-11-10 11:45:00', 'Delivered', 1120.00),
(483, 83, 133, '2025-11-10 20:15:00', '2025-11-10 20:55:00', 'Delivered', 290.00),
(484, 84, 134, '2025-11-10 17:45:00', NULL, 'Canceled', 550.00),
(485, 85, 135, '2025-11-10 13:45:00', '2025-11-10 14:20:00', 'Delivered', 170.00),
(486, 86, 136, '2025-11-10 19:00:00', '2025-11-10 19:45:00', 'Delivered', 1020.00),
(487, 87, 137, '2025-11-10 12:30:00', '2025-11-10 13:10:00', 'Delivered', 510.00),
(488, 88, 138, '2025-11-10 18:15:00', '2025-11-10 19:00:00', 'Delivered', 260.00),
(489, 89, 139, '2025-11-10 20:30:00', '2025-11-10 21:15:00', 'Delivered', 720.00),
(490, 90, 140, '2025-11-10 14:30:00', '2025-11-10 15:10:00', 'Delivered', 630.00),
(491, 91, 141, '2025-11-10 11:45:00', NULL, 'Canceled', 210.00),
(492, 92, 142, '2025-11-10 19:45:00', '2025-11-10 20:25:00', 'Delivered', 660.00),
(493, 93, 143, '2025-11-10 17:00:00', '2025-11-10 17:35:00', 'Delivered', 310.00),
(494, 94, 144, '2025-11-10 13:15:00', '2025-11-10 14:00:00', 'Delivered', 770.00),
(495, 95, 145, '2025-11-10 20:00:00', '2025-11-10 20:45:00', 'Delivered', 820.00),
(496, 96, 146, '2025-11-10 12:00:00', '2025-11-10 12:40:00', 'Delivered', 130.00),
(497, 97, 147, '2025-11-10 18:45:00', '2025-11-10 19:30:00', 'Delivered', 340.00),
(498, 98, 148, '2025-11-10 19:15:00', NULL, 'Canceled', 670.00),
(499, 99, 149, '2025-11-10 14:15:00', '2025-11-10 15:00:00', 'Delivered', 550.00),
(500, 100, 150, '2025-11-10 17:30:00', '2025-11-10 18:10:00', 'Delivered', 290.00),
(501, 12, 105, '2025-11-10 11:20:00', '2025-11-10 12:00:00', 'Delivered', 420.00),
(502, 27, 118, '2025-11-10 18:10:00', '2025-11-10 18:45:00', 'Delivered', 760.00),
(503, 44, 132, '2025-11-10 19:40:00', NULL, 'Canceled', 310.00),
(504, 63, 147, '2025-11-10 20:30:00', '2025-11-10 21:05:00', 'Delivered', 580.00),
(505, 88, 109, '2025-11-10 17:25:00', '2025-11-10 18:00:00', 'Delivered', 260.00),
(506, 35, 140, '2025-11-10 12:10:00', '2025-11-10 12:55:00', 'Delivered', 720.00),
(507, 59, 110, '2025-11-10 13:50:00', '2025-11-10 14:30:00', 'Delivered', 480.00),
(508, 17, 137, '2025-11-10 20:20:00', NULL, 'Canceled', 390.00),
(509, 96, 103, '2025-11-10 11:35:00', '2025-11-10 12:20:00', 'Delivered', 920.00),
(510, 41, 149, '2025-11-10 19:10:00', '2025-11-10 19:45:00', 'Delivered', 340.00),
(511, 72, 112, '2025-11-10 14:40:00', '2025-11-10 15:25:00', 'Delivered', 650.00),
(512, 18, 101, '2025-11-10 20:30:00', '2025-11-10 21:10:00', 'Delivered', 300.00),
(513, 22, 125, '2025-11-10 17:00:00', NULL, 'Canceled', 560.00),
(514, 91, 119, '2025-11-10 13:10:00', '2025-11-10 13:55:00', 'Delivered', 430.00),
(515, 14, 144, '2025-11-10 18:50:00', '2025-11-10 19:25:00', 'Delivered', 880.00),
(516, 53, 130, '2025-11-10 12:20:00', '2025-11-10 13:00:00', 'Delivered', 240.00),
(517, 67, 150, '2025-11-10 20:45:00', NULL, 'Canceled', 310.00),
(518, 38, 108, '2025-11-10 11:25:00', '2025-11-10 12:05:00', 'Delivered', 510.00),
(519, 76, 121, '2025-11-10 19:00:00', '2025-11-10 19:40:00', 'Delivered', 760.00),
(520, 24, 133, '2025-11-10 17:20:00', '2025-11-10 17:55:00', 'Delivered', 280.00),
(521, 85, 146, '2025-11-10 20:30:00', '2025-11-10 21:15:00', 'Delivered', 620.00),
(522, 10, 117, '2025-11-10 14:00:00', '2025-11-10 14:50:00', 'Delivered', 710.00),
(523, 57, 106, '2025-11-10 18:30:00', '2025-11-10 19:10:00', 'Delivered', 540.00),
(524, 32, 128, '2025-11-10 11:40:00', NULL, 'Canceled', 270.00),
(525, 48, 142, '2025-11-10 19:20:00', '2025-11-10 20:00:00', 'Delivered', 680.00),
(526, 73, 134, '2025-11-10 13:15:00', '2025-11-10 14:00:00', 'Delivered', 420.00),
(527, 20, 113, '2025-11-10 12:45:00', '2025-11-10 13:30:00', 'Delivered', 530.00),
(528, 94, 139, '2025-11-10 17:50:00', '2025-11-10 18:30:00', 'Delivered', 810.00),
(529, 26, 148, '2025-11-10 20:20:00', NULL, 'Canceled', 350.00),
(530, 51, 111, '2025-11-10 19:30:00', '2025-11-10 20:05:00', 'Delivered', 250.00),
(531, 15, 122, '2025-11-10 11:10:00', '2025-11-10 11:55:00', 'Delivered', 460.00),
(532, 82, 138, '2025-11-10 14:20:00', NULL, 'Canceled', 300.00),
(533, 36, 102, '2025-11-10 18:55:00', '2025-11-10 19:30:00', 'Delivered', 720.00),
(534, 99, 131, '2025-11-10 12:30:00', '2025-11-10 13:05:00', 'Delivered', 370.00),
(535, 28, 126, '2025-11-10 17:30:00', '2025-11-10 18:15:00', 'Delivered', 860.00),
(536, 68, 143, '2025-11-10 20:40:00', '2025-11-10 21:20:00', 'Delivered', 190.00),
(537, 30, 109, '2025-11-10 13:20:00', '2025-11-10 13:55:00', 'Delivered', 290.00),
(538, 62, 115, '2025-11-10 12:50:00', NULL, 'Canceled', 520.00),
(539, 11, 107, '2025-11-10 19:35:00', '2025-11-10 20:10:00', 'Delivered', 680.00),
(540, 47, 124, '2025-11-10 17:40:00', '2025-11-10 18:15:00', 'Delivered', 560.00),
(541, 79, 145, '2025-11-10 20:25:00', '2025-11-10 21:00:00', 'Delivered', 350.00),
(542, 16, 120, '2025-11-10 11:55:00', '2025-11-10 12:35:00', 'Delivered', 780.00),
(543, 69, 103, '2025-11-10 14:10:00', '2025-11-10 14:55:00', 'Delivered', 260.00),
(544, 90, 136, '2025-11-10 19:00:00', NULL, 'Canceled', 310.00),
(545, 55, 130, '2025-11-10 18:40:00', '2025-11-10 19:20:00', 'Delivered', 690.00),
(546, 21, 147, '2025-11-10 13:05:00', '2025-11-10 13:50:00', 'Delivered', 510.00),
(547, 84, 118, '2025-11-10 12:15:00', '2025-11-10 12:55:00', 'Delivered', 900.00),
(548, 40, 104, '2025-11-10 19:25:00', '2025-11-10 20:00:00', 'Delivered', 430.00),
(549, 77, 123, '2025-11-10 20:15:00', NULL, 'Canceled', 280.00),
(550, 29, 135, '2025-11-10 17:10:00', '2025-11-10 17:50:00', 'Delivered', 600.00);

-- Insert values on Order_Items table
INSERT INTO Order_Items (order_item_id, order_id, item_id, quantity) VALUES
(501, 401, 201, 1), 
(502, 401, 202, 1), 
(503, 401, 204, 2),
(504, 402, 205, 2), 
(505, 402, 207, 1), 
(506, 402, 208, 1),
(507, 403, 209, 1), 
(508, 403, 210, 1), 
(509, 403, 212, 1),
(510, 404, 213, 1), 
(511, 404, 214, 1),
(512, 405, 217, 1), 
(513, 405, 218, 1), 
(514, 405, 219, 1),
(515, 406, 221, 1), 
(516, 406, 223, 1), 
(517, 406, 224, 1),
(518, 407, 225, 2), 
(519, 407, 226, 1),
(520, 408, 229, 1), 
(521, 408, 230, 1), 
(522, 408, 231, 1),
(523, 409, 233, 1), 
(524, 409, 235, 1),
(525, 410, 237, 1), 
(526, 410, 238, 1),
(527, 411, 241, 1), 
(528, 411, 244, 1),
(529, 412, 245, 1), 
(530, 412, 246, 3),
(531, 413, 249, 2), 
(532, 413, 250, 1),
(533, 414, 253, 1), 
(534, 414, 254, 1), 
(535, 414, 255, 2),
(536, 415, 257, 1), 
(537, 415, 258, 1),
(538, 416, 261, 1), 
(539, 416, 263, 1),
(540, 417, 265, 1), 
(541, 417, 266, 2),
(542, 418, 269, 1), 
(543, 418, 270, 2),
(544, 419, 273, 1), 
(545, 419, 275, 1),
(546, 420, 277, 1), 
(547, 420, 278, 1),
(548, 421, 281, 2), 
(549, 421, 282, 1),
(550, 422, 285, 1), 
(551, 422, 286, 1),
(552, 423, 289, 1), 
(553, 423, 290, 1),
(554, 424, 293, 1), 
(555, 424, 294, 2),
(556, 425, 297, 3), 
(557, 425, 298, 1),
(558, 426, 301, 1), 
(559, 426, 303, 1),
(560, 427, 305, 1), 
(561, 427, 307, 1),
(562, 428, 309, 1), 
(563, 428, 310, 2),
(564, 429, 313, 1), 
(565, 429, 314, 1),
(566, 430, 317, 2), 
(567, 430, 318, 1),
(568, 431, 321, 1), 
(569, 431, 322, 1),
(570, 432, 325, 1), 
(571, 432, 326, 1),
(572, 433, 329, 1), 
(573, 433, 330, 1),
(574, 434, 334, 1), 
(575, 434, 335, 1),
(576, 435, 337, 1), 
(577, 435, 338, 1),
(578, 436, 341, 1), 
(579, 436, 342, 1),
(580, 437, 345, 1), 
(581, 437, 346, 1),
(582, 438, 349, 1), 
(583, 438, 351, 1),
(584, 439, 353, 1), 
(585, 439, 354, 1),
(586, 440, 357, 1), 
(587, 440, 358, 1),
(588, 441, 361, 1), 
(589, 441, 362, 1),
(590, 442, 365, 2), 
(591, 442, 366, 1),
(592, 443, 369, 2), 
(593, 443, 370, 1),
(594, 444, 373, 1), 
(595, 444, 374, 1),
(596, 445, 377, 1), 
(597, 445, 378, 1),
(598, 446, 381, 1), 
(599, 446, 382, 1),
(600, 447, 385, 1), 
(601, 447, 386, 1);

-- Insert values on Delivery_Partners table
INSERT INTO Delivery_Partners (partner_id, name, vehicle_type, city) VALUES
(701, 'Rajesh Kumar', 'Bike', 'Mumbai'),
(702, 'Priya Sharma', 'Bike', 'Delhi'),
(703, 'Amit Patel', 'Cycle', 'Ahmedabad'),
(704, 'Sneha Reddy', 'Bike', 'Bangalore'),
(705, 'Vikram Singh', 'Bike', 'Pune'),
(706, 'Anjali Gupta', 'Cycle', 'Hyderabad'),
(707, 'Rohan Mehta', 'Bike', 'Chennai'),
(708, 'Pooja Joshi', 'Bike', 'Jaipur'),
(709, 'Suresh Desai', 'Car', 'Surat'),
(710, 'Neha Verma', 'Bike', 'Lucknow'),
(711, 'Karan Nair', 'Bike', 'Kochi'),
(712, 'Riya Khan', 'Cycle', 'Kolkata'),
(713, 'Arjun Malhotra', 'Bike', 'Chandigarh'),
(714, 'Tanya Iyer', 'Bike', 'Coimbatore'),
(715, 'Siddharth Rao', 'Car', 'Indore'),
(716, 'Meera Bose', 'Bike', 'Bhopal'),
(717, 'Nikhil Chopra', 'Bike', 'Nagpur'),
(718, 'Kavya Sen', 'Cycle', 'Vadodara'),
(719, 'Laksh Thakur', 'Bike', 'Visakhapatnam'),
(720, 'Diya Dubey', 'Bike', 'Patna'),
(721, 'Ravi Agarwal', 'Car', 'Kanpur'),
(722, 'Sonia Kapoor', 'Bike', 'Nashik'),
(723, 'Yash Yadav', 'Bike', 'Aurangabad'),
(724, 'Gauri Pillai', 'Cycle', 'Thiruvananthapuram'),
(725, 'Faisal Ahmed', 'Bike', 'Guwahati'),
(726, 'Esha Menon', 'Bike', 'Mysore'),
(727, 'Dev Bhat', 'Bike', 'Warangal'),
(728, 'Bhavya Shetty', 'Car', 'Mangalore'),
(729, 'Atharv Jain', 'Bike', 'Jodhpur'),
(730, 'Avni Saxena', 'Bike', 'Udaipur'),
(731, 'Ayaan Trivedi', 'Cycle', 'Rajkot'),
(732, 'Anika Pandey', 'Bike', 'Jabalpur'),
(733, 'Arnav Chawla', 'Bike', 'Amritsar'),
(734, 'Dhruvi Shah', 'Bike', 'Bhubaneswar'),
(735, 'Eklavya Mishra', 'Car', 'Ranchi'),
(736, 'Falak Singh', 'Bike', 'Dehradun'),
(737, 'Gaurang Roy', 'Bike', 'Agra'),
(738, 'Hiya Das', 'Cycle', 'Meerut'),
(739, 'Ishan Goel', 'Bike', 'Faridabad'),
(740, 'Jivika Bansal', 'Bike', 'Ghaziabad'),
(741, 'Kian Mathur', 'Bike', 'Varanasi'),
(742, 'Lina Khanna', 'Car', 'Srinagar'),
(743, 'Manan Arora', 'Bike', 'Allahabad'),
(744, 'Navya Sethi', 'Bike', 'Bareilly'),
(745, 'Ojaswi Vyas', 'Cycle', 'Aligarh'),
(746, 'Pranay Tiwari', 'Bike', 'Moradabad'),
(747, 'Qayana Sharma', 'Bike', 'Gorakhpur'),
(748, 'Reyansh Jain', 'Bike', 'Saharanpur'),
(749, 'Sia Mittal', 'Car', 'Noida'),
(750, 'Tanay Gupta', 'Bike', 'Gurgaon'),
(751, 'Urvi Reddy', 'Bike', 'Ludhiana'),
(752, 'Vivan Nair', 'Cycle', 'Jalandhar'),
(753, 'Wafa Khan', 'Bike', 'Tiruchirappalli'),
(754, 'Xavier Dsouza', 'Bike', 'Madurai'),
(755, 'Yuvika Rao', 'Bike', 'Salem'),
(756, 'Zubin Fernandes', 'Car', 'Erode'),
(757, 'Aahana Iyer', 'Bike', 'Vellore'),
(758, 'Bhavik Patel', 'Bike', 'Thoothukudi'),
(759, 'Chirag Mehta', 'Cycle', 'Tirunelveli'),
(760, 'Disha Kapoor', 'Bike', 'Dindigul'),
(761, 'Eshan Verma', 'Bike', 'Kollam'),
(762, 'Falguni Singh', 'Bike', 'Alappuzha'),
(763, 'Gatik Joshi', 'Car', 'Kottayam'),
(764, 'Hridaya Desai', 'Bike', 'Thrissur'),
(765, 'Ira Malhotra', 'Bike', 'Palakkad'),
(766, 'Jai Thakur', 'Cycle', 'Malappuram'),
(767, 'Kaira Yadav', 'Bike', 'Kozhikode'),
(768, 'Laksh Pillai', 'Bike', 'Kannur'),
(769, 'Mira Ahmed', 'Bike', 'Kasaragod'),
(770, 'Nihal Menon', 'Car', 'Raipur'),
(771, 'Oviya Shetty', 'Bike', 'Bhilai'),
(772, 'Parth Bhat', 'Bike', 'Bilaspur'),
(773, 'Qushi Jain', 'Cycle', 'Korba'),
(774, 'Rhea Saxena', 'Bike', 'Durg'),
(775, 'Shaan Trivedi', 'Bike', 'Rourkela'),
(776, 'Tiya Pandey', 'Bike', 'Sambalpur'),
(777, 'Utkarsh Chawla', 'Car', 'Cuttack'),
(778, 'Vanya Shah', 'Bike', 'Brahmapur'),
(779, 'Yashvi Mishra', 'Bike', 'Puri'),
(780, 'Zayan Singh', 'Cycle', 'Jamshedpur'),
(781, 'Aarna Roy', 'Bike', 'Dhanbad'),
(782, 'Bhuv Das', 'Bike', 'Bokaro'),
(783, 'Chetan Goel', 'Bike', 'Hazaribagh'),
(784, 'Diya Bansal', 'Car', 'Giridih'),
(785, 'Eshaan Mathur', 'Bike', 'Ranchi'),
(786, 'Fiona Khanna', 'Bike', 'Deoghar'),
(787, 'Gagan Arora', 'Cycle', 'Phusro'),
(788, 'Hani Sethi', 'Bike', 'Medininagar'),
(789, 'Ishan Vyas', 'Bike', 'Chirkunda'),
(790, 'Jiya Tiwari', 'Bike', 'Jhumri Tilaiya'),
(791, 'Kush Sharma', 'Car', 'Sahibganj'),
(792, 'Liva Jain', 'Bike', 'Pakur'),
(793, 'Moksh Mittal', 'Bike', 'Dumka'),
(794, 'Naina Gupta', 'Cycle', 'Godda'),
(795, 'Ojas Reddy', 'Bike', 'Chaibasa'),
(796, 'Prisha Nair', 'Bike', 'Jugsalai'),
(797, 'Rian Khan', 'Bike', 'Mango'),
(798, 'Saanika Dsouza', 'Car', 'Adityapur'),
(799, 'Tanvi Rao', 'Bike', 'Jamtara'),
(800, 'Veer Fernandes', 'Bike', 'Simdega');

-- Insert values on Delivery_Assignment table
INSERT INTO Delivery_Assignment (order_id, partner_id, assigned_time, delivered_time) VALUES
-- Only DELIVERED orders get a partner
(401, 701, '2025-11-10 18:35:00', '2025-11-10 19:25:00'),
(402, 702, '2025-11-10 19:00:00', '2025-11-10 19:55:00'),
(403, 703, '2025-11-10 17:20:00', '2025-11-10 18:15:00'),
-- 404 CANCELED → NULL
(405, 704, '2025-11-10 12:05:00', '2025-11-10 12:50:00'),
(406, 705, '2025-11-10 12:50:00', '2025-11-10 13:45:00'),
(407, 706, '2025-11-10 18:10:00', '2025-11-10 18:50:00'),
(408, 707, '2025-11-10 19:20:00', '2025-11-10 20:15:00'),
(409, 708, '2025-11-10 11:35:00', '2025-11-10 12:30:00'),
-- 410 CANCELED → NULL
(411, 709, '2025-11-10 13:50:00', '2025-11-10 14:45:00'),
(412, 710, '2025-11-10 17:50:00', '2025-11-10 18:40:00'),
(413, 711, '2025-11-10 19:35:00', '2025-11-10 20:10:00'),
(414, 712, '2025-11-10 12:20:00', '2025-11-10 13:20:00'),
(415, 713, '2025-11-10 16:50:00', '2025-11-10 17:35:00'),
(416, 714, '2025-11-10 20:20:00', '2025-11-10 21:10:00'),
(417, 715, '2025-11-10 13:05:00', '2025-11-10 13:55:00'),
-- 418 CANCELED → NULL
(419, 716, '2025-11-10 11:20:00', '2025-11-10 12:05:00'),
(420, 717, '2025-11-10 18:05:00', '2025-11-10 19:00:00'),
(421, 718, '2025-11-10 20:35:00', '2025-11-10 21:20:00'),
(422, 719, '2025-11-10 11:50:00', '2025-11-10 12:45:00'),
(423, 720, '2025-11-10 17:35:00', '2025-11-10 18:30:00'),
(424, 721, '2025-11-10 19:05:00', '2025-11-10 19:50:00'),
(425, 722, '2025-11-10 14:20:00', '2025-11-10 15:10:00'),
-- 426 CANCELED → NULL
(427, 723, '2025-11-10 13:20:00', '2025-11-10 14:15:00'),
(428, 724, '2025-11-10 19:50:00', '2025-11-10 20:40:00'),
(429, 725, '2025-11-10 11:05:00', '2025-11-10 12:00:00'),
(430, 726, '2025-11-10 19:20:00', '2025-11-10 20:00:00'),
(431, 727, '2025-11-10 17:05:00', '2025-11-10 17:50:00'),
(432, 728, '2025-11-10 12:35:00', '2025-11-10 13:30:00'),
-- 433 CANCELED → NULL
(434, 729, '2025-11-10 14:05:00', '2025-11-10 15:00:00'),
(435, 730, '2025-11-10 18:35:00', '2025-11-10 19:20:00'),
(436, 731, '2025-11-10 13:35:00', '2025-11-10 14:30:00'),
(437, 732, '2025-11-10 18:50:00', '2025-11-10 19:45:00'),
(438, 733, '2025-11-10 10:50:00', '2025-11-10 11:40:00'),
(439, 734, '2025-11-10 20:20:00', '2025-11-10 21:15:00'),
-- 440 CANCELED → NULL
(441, 735, '2025-11-10 12:05:00', '2025-11-10 13:00:00'),
(442, 736, '2025-11-10 17:50:00', '2025-11-10 18:45:00'),
(443, 737, '2025-11-10 19:35:00', '2025-11-10 20:15:00'),
(444, 738, '2025-11-10 13:50:00', '2025-11-10 14:45:00'),
(445, 739, '2025-11-10 12:50:00', '2025-11-10 13:45:00'),
(446, 740, '2025-11-10 19:50:00', '2025-11-10 20:35:00'),
(447, 741, '2025-11-10 11:20:00', '2025-11-10 12:10:00'),
-- 448 CANCELED → NULL
(449, 742, '2025-11-10 16:50:00', '2025-11-10 17:40:00'),
(450, 743, '2025-11-10 19:05:00', '2025-11-10 19:55:00'),
(451, 744, '2025-11-10 12:20:00', '2025-11-10 13:10:00'),
(452, 745, '2025-11-10 20:35:00', '2025-11-10 21:25:00'),
(453, 746, '2025-11-10 14:35:00', '2025-11-10 15:30:00'),
(454, 747, '2025-11-10 18:20:00', '2025-11-10 19:05:00'),
-- 455 CANCELED → NULL
(456, 748, '2025-11-10 19:20:00', '2025-11-10 20:15:00'),
(457, 749, '2025-11-10 13:05:00', '2025-11-10 13:50:00'),
(458, 750, '2025-11-10 17:35:00', '2025-11-10 18:30:00'),
(459, 751, '2025-11-10 20:05:00', '2025-11-10 21:00:00'),
(460, 752, '2025-11-10 11:50:00', '2025-11-10 12:35:00'),
(461, 753, '2025-11-10 18:35:00', '2025-11-10 19:30:00'),
-- 462 CANCELED → NULL
(463, 754, '2025-11-10 18:50:00', '2025-11-10 19:30:00'),
(464, 755, '2025-11-10 11:05:00', '2025-11-10 12:00:00'),
(465, 756, '2025-11-10 20:20:00', '2025-11-10 21:10:00'),
(466, 757, '2025-11-10 17:05:00', '2025-11-10 17:55:00'),
(467, 758, '2025-11-10 13:20:00', '2025-11-10 14:10:00'),
(468, 759, '2025-11-10 19:35:00', '2025-11-10 20:30:00'),
-- 469 CANCELED → NULL
(470, 760, '2025-11-10 17:50:00', '2025-11-10 18:40:00'),
(471, 761, '2025-11-10 19:50:00', '2025-11-10 20:35:00'),
(472, 762, '2025-11-10 14:05:00', '2025-11-10 15:00:00'),
(473, 763, '2025-11-10 11:20:00', '2025-11-10 12:15:00'),
(474, 764, '2025-11-10 19:05:00', '2025-11-10 19:50:00'),
(475, 765, '2025-11-10 17:20:00', '2025-11-10 18:15:00'),
(476, 766, '2025-11-10 12:50:00', '2025-11-10 13:45:00'),
-- 477 CANCELED → NULL
(478, 767, '2025-11-10 12:05:00', '2025-11-10 13:00:00'),
(479, 768, '2025-11-10 18:20:00', '2025-11-10 19:10:00'),
(480, 769, '2025-11-10 19:20:00', '2025-11-10 20:05:00'),
(481, 770, '2025-11-10 13:50:00', '2025-11-10 14:40:00'),
(482, 771, '2025-11-10 10:50:00', '2025-11-10 11:45:00'),
(483, 772, '2025-11-10 20:05:00', '2025-11-10 20:55:00'),
-- 484 CANCELED → NULL
(485, 773, '2025-11-10 13:35:00', '2025-11-10 14:20:00'),
(486, 774, '2025-11-10 18:50:00', '2025-11-10 19:45:00'),
(487, 775, '2025-11-10 12:20:00', '2025-11-10 13:10:00'),
(488, 776, '2025-11-10 18:05:00', '2025-11-10 19:00:00'),
(489, 777, '2025-11-10 20:20:00', '2025-11-10 21:15:00'),
(490, 778, '2025-11-10 14:20:00', '2025-11-10 15:10:00'),
-- 491 CANCELED → NULL
(492, 779, '2025-11-10 19:35:00', '2025-11-10 20:25:00'),
(493, 780, '2025-11-10 16:50:00', '2025-11-10 17:35:00'),
(494, 781, '2025-11-10 13:05:00', '2025-11-10 14:00:00'),
(495, 782, '2025-11-10 19:50:00', '2025-11-10 20:45:00'),
(496, 783, '2025-11-10 11:50:00', '2025-11-10 12:40:00'),
(497, 784, '2025-11-10 18:35:00', '2025-11-10 19:30:00'),
-- 498 CANCELED → NULL
(499, 785, '2025-11-10 14:05:00', '2025-11-10 15:00:00'),
(500, 786, '2025-11-10 17:20:00', '2025-11-10 18:10:00');



