INSERT INTO Customers (customer_id, full_name, phone_number, address, city, state, created_at) VALUES
(1001, 'Amit Sharma', '9876543201', 'Sector 12', 'Delhi', 'Delhi', '2024-01-10'),
(1002, 'Riya Singh', '9876543202', 'MG Road', 'Mumbai', 'Maharashtra', '2024-01-11'),
(1003, 'Karan Patel', '9876543203', 'Andheri West', 'Mumbai', 'Maharashtra', '2024-01-12'),
(1004, 'Neha Verma', '9876543204', 'Salt Lake', 'Kolkata', 'West Bengal', '2024-01-13'),
(1005, 'Vishal Kumar', '9876543205', 'Gandhi Nagar', 'Ahmedabad', 'Gujarat', '2024-01-14'),
(1006, 'Priya Yadav', '9876543206', 'Banjara Hills', 'Hyderabad', 'Telangana', '2024-01-15'),
(1007, 'Rohit Jain', '9876543207', 'Indiranagar', 'Bengaluru', 'Karnataka', '2024-01-16'),
(1008, 'Sneha Roy', '9876543208', 'Jayanagar', 'Bengaluru', 'Karnataka', '2024-01-17'),
(1009, 'Arjun Mehta', '9876543209', 'Civil Lines', 'Jaipur', 'Rajasthan', '2024-01-18'),
(1010, 'Pooja Agarwal', '9876543210', 'Park Street', 'Kolkata', 'West Bengal', '2024-01-19'),
(1011, 'Sahil Gupta', '9890011001', 'Sector 21', 'Chandigarh', 'Chandigarh', '2024-01-20'),
(1012, 'Isha Malhotra', '9890011002', 'Gachibowli', 'Hyderabad', 'Telangana', '2024-01-21'),
(1013, 'Manish Pandey', '9890011003', 'Vashi', 'Navi Mumbai', 'Maharashtra', '2024-01-22'),
(1014, 'Ananya Rao', '9890011004', 'Whitefield', 'Bengaluru', 'Karnataka', '2024-01-23'),
(1015, 'Deepak Sharma', '9890011005', 'Thaltej', 'Ahmedabad', 'Gujarat', '2024-01-24'),
(1016, 'Nisha Khan', '9890011006', 'Kukatpally', 'Hyderabad', 'Telangana', '2024-01-25'),
(1017, 'Harsh Thakur', '9890011007', 'Pimpri', 'Pune', 'Maharashtra', '2024-01-26'),
(1018, 'Divya Menon', '9890011008', 'Baner', 'Pune', 'Maharashtra', '2024-01-27'),
(1019, 'Rajat Kapoor', '9890011009', 'Karol Bagh', 'Delhi', 'Delhi', '2024-01-28'),
(1020, 'Aditi Sharma', '9890011010', 'Lajpat Nagar', 'Delhi', 'Delhi', '2024-01-29'),
(1021, 'Sandeep Singh', '9890011011', 'Sector 17', 'Chandigarh', 'Chandigarh', '2024-01-30'),
(1022, 'Kavita Joshi', '9890011012', 'Vile Parle', 'Mumbai', 'Maharashtra', '2024-02-01'),
(1023, 'Mohan Rao', '9890011013', 'Madhapur', 'Hyderabad', 'Telangana', '2024-02-02'),
(1024, 'Anjali Sinha', '9890011014', 'BTM Layout', 'Bengaluru', 'Karnataka', '2024-02-03'),
(1025, 'Sourav Paul', '9890011015', 'Howrah Road', 'Kolkata', 'West Bengal', '2024-02-04'),
(1026, 'Puneet Arora', '9890011016', 'DLF Phase 3', 'Gurgaon', 'Haryana', '2024-02-05'),
(1027, 'Tanya Gill', '9890011017', 'Sector 45', 'Gurgaon', 'Haryana', '2024-02-06'),
(1028, 'Kunal Joshi', '9890011018', 'Raja Park', 'Jaipur', 'Rajasthan', '2024-02-07'),
(1029, 'Megha Shah', '9890011019', 'CG Road', 'Ahmedabad', 'Gujarat', '2024-02-08'),
(1030, 'Yash Arora', '9890011020', 'KP Road', 'Pune', 'Maharashtra', '2024-02-09');


INSERT INTO Cell_Towers (tower_id, tower_name, latitude, longitude, city, state) VALUES
(2001, 'Tower Delhi 1', 28.6139, 77.2090, 'Delhi', 'Delhi'),
(2002, 'Tower Delhi 2', 28.7041, 77.1025, 'Delhi', 'Delhi'),
(2003, 'Tower Mumbai 1', 19.0760, 72.8777, 'Mumbai', 'Maharashtra'),
(2004, 'Tower Mumbai 2', 19.2183, 72.9781, 'Mumbai', 'Maharashtra'),
(2005, 'Tower Kolkata 1', 22.5726, 88.3639, 'Kolkata', 'West Bengal'),
(2006, 'Tower Bengaluru 1', 12.9716, 77.5946, 'Bengaluru', 'Karnataka'),
(2007, 'Tower Bengaluru 2', 12.9260, 77.6762, 'Bengaluru', 'Karnataka'),
(2008, 'Tower Ahmedabad 1', 23.0225, 72.5714, 'Ahmedabad', 'Gujarat'),
(2009, 'Tower Jaipur 1', 26.9124, 75.7873, 'Jaipur', 'Rajasthan'),
(2010, 'Tower Hyderabad 1', 17.3850, 78.4867, 'Hyderabad', 'Telangana'),
(2011, 'Tower Pune 1', 18.5204, 73.8567, 'Pune', 'Maharashtra'),
(2012, 'Tower Pune 2', 18.6510, 73.8120, 'Pune', 'Maharashtra'),
(2013, 'Tower Gurgaon 1', 28.4595, 77.0266, 'Gurgaon', 'Haryana'),
(2014, 'Tower Chandigarh 1', 30.7333, 76.7794, 'Chandigarh', 'Chandigarh'),
(2015, 'Tower Hyderabad 2', 17.4485, 78.3908, 'Hyderabad', 'Telangana');


INSERT INTO Call_Records (call_id, caller_id, receiver_id, call_start, call_end, call_type, call_duration, tower_id) VALUES
(3001, 1001, 1002, '2024-02-10 09:15:00', '2024-02-10 09:17:30', 'Outgoing', 150, 2001),
(3002, 1002, 1001, '2024-02-10 09:25:00', '2024-02-10 09:28:00', 'Incoming', 180, 2001),
(3003, 1003, 1007, '2024-02-11 12:10:00', '2024-02-11 12:12:00', 'Outgoing', 120, 2003),
(3004, 1004, 1008, '2024-02-11 13:20:00', '2024-02-11 13:23:40', 'Outgoing', 220, 2005),
(3005, 1005, 1009, '2024-02-12 08:40:00', '2024-02-12 08:45:00', 'Incoming', 300, 2008),
(3006, 1006, 1010, '2024-02-12 10:15:00', '2024-02-12 10:18:00', 'Outgoing', 180, 2010),
(3007, 1007, 1003, '2024-02-12 14:45:00', '2024-02-12 14:47:20', 'Outgoing', 140, 2006),
(3008, 1008, 1004, '2024-02-12 16:25:00', '2024-02-12 16:27:00', 'Incoming', 120, 2007),
(3009, 1009, 1005, '2024-02-13 11:00:00', '2024-02-13 11:03:20', 'Outgoing', 200, 2009),
(3010, 1010, 1006, '2024-02-13 17:00:00', '2024-02-13 17:04:00', 'Incoming', 240, 2005),
(3011, 1011, 1012, '2024-02-14 09:05:00', '2024-02-14 09:07:00', 'Outgoing', 120, 2014),
(3012, 1012, 1011, '2024-02-14 09:25:00', '2024-02-14 09:29:00', 'Incoming', 240, 2015),
(3013, 1013, 1014, '2024-02-14 11:15:00', '2024-02-14 11:17:00', 'Outgoing', 120, 2003),
(3014, 1014, 1015, '2024-02-14 12:18:00', '2024-02-14 12:22:00', 'Outgoing', 240, 2007),
(3015, 1015, 1016, '2024-02-15 08:30:00', '2024-02-15 08:34:00', 'Incoming', 240, 2008),
(3016, 1016, 1017, '2024-02-15 10:20:00', '2024-02-15 10:22:00', 'Outgoing', 120, 2010),
(3017, 1017, 1018, '2024-02-15 13:10:00', '2024-02-15 13:13:00', 'Outgoing', 180, 2011),
(3018, 1018, 1019, '2024-02-15 17:05:00', '2024-02-15 17:07:20', 'Incoming', 140, 2012),
(3019, 1019, 1020, '2024-02-16 09:00:00', '2024-02-16 09:03:00', 'Outgoing', 180, 2013),
(3020, 1020, 1021, '2024-02-16 11:10:00', '2024-02-16 11:15:00', 'Outgoing', 300, 2001),
(3021, 1021, 1022, '2024-02-17 08:45:00', '2024-02-17 08:48:00', 'Outgoing', 180, 2014),
(3022, 1022, 1023, '2024-02-17 09:10:00', '2024-02-17 09:12:30', 'Incoming', 150, 2003),
(3023, 1023, 1024, '2024-02-17 10:30:00', '2024-02-17 10:32:00', 'Outgoing', 120, 2015),
(3024, 1024, 1025, '2024-02-17 12:10:00', '2024-02-17 12:14:00', 'Outgoing', 240, 2007),
(3025, 1025, 1026, '2024-02-18 07:20:00', '2024-02-18 07:23:00', 'Outgoing', 180, 2005),
(3026, 1026, 1027, '2024-02-18 09:25:00', '2024-02-18 09:29:00', 'Incoming', 240, 2001),
(3027, 1027, 1028, '2024-02-18 14:10:00', '2024-02-18 14:12:00', 'Outgoing', 120, 2013),
(3028, 1028, 1029, '2024-02-18 15:05:00', '2024-02-18 15:07:30', 'Incoming', 150, 2011),
(3029, 1029, 1030, '2024-02-19 13:00:00', '2024-02-19 13:02:30', 'Outgoing', 150, 2012),
(3030, 1030, 1001, '2024-02-19 18:15:00', '2024-02-19 18:17:00', 'Incoming', 120, 2014),
(3031, 1001, 1015, '2024-02-20 12:00:00', '2024-02-20 12:05:00', 'Outgoing', 300, 2001),
(3032, 1015, 1001, '2024-02-20 12:20:00', '2024-02-20 12:22:30', 'Incoming', 150, 2008),
(3033, 1006, 1020, '2024-02-20 15:15:00', '2024-02-20 15:18:00', 'Outgoing', 180, 2010),
(3034, 1020, 1006, '2024-02-20 15:35:00', '2024-02-20 15:37:00', 'Incoming', 120, 2001),
(3035, 1010, 1025, '2024-02-21 09:00:00', '2024-02-21 09:05:00', 'Outgoing', 300, 2005),
(3036, 1025, 1010, '2024-02-21 10:20:00', '2024-02-21 10:23:00', 'Incoming', 180, 2005),
(3037, 1003, 1005, '2024-02-21 13:10:00', '2024-02-21 13:13:00', 'Outgoing', 180, 2003),
(3038, 1005, 1003, '2024-02-21 13:40:00', '2024-02-21 13:42:20', 'Incoming', 140, 2008),
(3039, 1029, 1018, '2024-02-21 16:00:00', '2024-02-21 16:02:00', 'Outgoing', 120, 2012),
(3040, 1018, 1029, '2024-02-21 16:15:00', '2024-02-21 16:17:00', 'Incoming', 120, 2011);


INSERT INTO Call_Charges (charge_id, call_id, cost_per_min, total_cost, billing_cycle) VALUES
(4001, 3001, 0.80, 2.00, '2024-02-28'),
(4002, 3002, 0.80, 2.40, '2024-02-28'),
(4003, 3003, 0.75, 1.50, '2024-02-28'),
(4004, 3004, 0.75, 2.75, '2024-02-28'),
(4005, 3005, 0.60, 3.00, '2024-02-28'),
(4006, 3006, 0.80, 2.40, '2024-02-28'),
(4007, 3007, 0.75, 1.75, '2024-02-28'),
(4008, 3008, 0.75, 1.50, '2024-02-28'),
(4009, 3009, 0.80, 2.70, '2024-02-28'),
(4010, 3010, 0.75, 3.00, '2024-02-28'),
(4011, 3011, 0.60, 1.20, '2024-02-28'),
(4012, 3012, 0.80, 3.20, '2024-02-28'),
(4013, 3013, 0.75, 1.50, '2024-02-28'),
(4014, 3014, 0.80, 3.20, '2024-02-28'),
(4015, 3015, 0.65, 2.60, '2024-02-28'),
(4016, 3016, 0.75, 1.50, '2024-02-28'),
(4017, 3017, 0.80, 2.40, '2024-02-28'),
(4018, 3018, 0.70, 1.60, '2024-02-28'),
(4019, 3019, 0.80, 2.40, '2024-02-28'),
(4020, 3020, 0.65, 3.25, '2024-02-28'),
(4021, 3021, 0.70, 2.10, '2024-02-28'),
(4022, 3022, 0.65, 1.60, '2024-02-28'),
(4023, 3023, 0.75, 1.50, '2024-02-28'),
(4024, 3024, 0.80, 3.20, '2024-02-28'),
(4025, 3025, 0.70, 2.10, '2024-02-28'),
(4026, 3026, 0.80, 3.20, '2024-02-28'),
(4027, 3027, 0.75, 1.50, '2024-02-28'),
(4028, 3028, 0.70, 1.75, '2024-02-28'),
(4029, 3029, 0.80, 2.00, '2024-02-28'),
(4030, 3030, 0.75, 1.50, '2024-02-28'),
(4031, 3031, 0.80, 4.00, '2024-02-28'),
(4032, 3032, 0.65, 1.60, '2024-02-28'),
(4033, 3033, 0.80, 2.40, '2024-02-28'),
(4034, 3034, 0.80, 1.60, '2024-02-28'),
(4035, 3035, 0.65, 3.25, '2024-02-28'),
(4036, 3036, 0.70, 2.10, '2024-02-28'),
(4037, 3037, 0.75, 2.25, '2024-02-28'),
(4038, 3038, 0.70, 1.65, '2024-02-28'),
(4039, 3039, 0.80, 1.60, '2024-02-28'),
(4040, 3040, 0.80, 1.60, '2024-02-28');


INSERT INTO SMS_Records (sms_id, sender_id, receiver_id, sent_at, sms_type, tower_id) VALUES
(5001, 1001, 1003, '2024-02-10 08:10:00', 'Promotional', 2001),
(5002, 1003, 1001, '2024-02-10 08:15:00', 'Transactional', 2003),
(5003, 1002, 1004, '2024-02-10 10:20:00', 'OTP', 2003),
(5004, 1004, 1002, '2024-02-10 10:30:00', 'Transactional', 2005),
(5005, 1005, 1006, '2024-02-11 09:00:00', 'Promotional', 2008),
(5006, 1006, 1005, '2024-02-11 09:10:00', 'OTP', 2010),
(5007, 1007, 1008, '2024-02-11 11:00:00', 'Transactional', 2006),
(5008, 1008, 1007, '2024-02-11 11:20:00', 'Promotional', 2007),
(5009, 1009, 1010, '2024-02-12 15:00:00', 'OTP', 2009),
(5010, 1010, 1009, '2024-02-12 15:30:00', 'Promotional', 2005),
(5011, 1011, 1012, '2024-02-13 12:00:00', 'Promotional', 2014),
(5012, 1012, 1011, '2024-02-13 12:20:00', 'OTP', 2015),
(5013, 1013, 1014, '2024-02-13 14:00:00', 'Transactional', 2003),
(5014, 1014, 1015, '2024-02-13 14:20:00', 'Promotional', 2007),
(5015, 1015, 1016, '2024-02-14 07:30:00', 'OTP', 2008),
(5016, 1016, 1017, '2024-02-14 09:20:00', 'Promotional', 2010),
(5017, 1017, 1018, '2024-02-14 11:00:00', 'Transactional', 2011),
(5018, 1018, 1019, '2024-02-14 12:20:00', 'OTP', 2012),
(5019, 1019, 1020, '2024-02-15 16:00:00', 'Promotional', 2013),
(5020, 1020, 1021, '2024-02-15 17:20:00', 'Transactional', 2001),
(5021, 1021, 1022, '2024-02-16 09:00:00', 'OTP', 2014),
(5022, 1022, 1023, '2024-02-16 09:30:00', 'Promotional', 2003),
(5023, 1023, 1024, '2024-02-16 10:15:00', 'OTP', 2015),
(5024, 1024, 1025, '2024-02-16 11:25:00', 'Promotional', 2007),
(5025, 1025, 1026, '2024-02-16 15:00:00', 'Transactional', 2005),
(5026, 1026, 1027, '2024-02-16 17:00:00', 'OTP', 2001),
(5027, 1027, 1028, '2024-02-17 12:10:00', 'Promotional', 2013),
(5028, 1028, 1029, '2024-02-17 12:50:00', 'Transactional', 2011),
(5029, 1029, 1030, '2024-02-17 14:00:00', 'OTP', 2012),
(5030, 1030, 1001, '2024-02-17 15:00:00', 'Promotional', 2014),
(5031, 1001, 1015, '2024-02-18 09:10:00', 'Transactional', 2001),
(5032, 1015, 1001, '2024-02-18 09:40:00', 'OTP', 2008),
(5033, 1003, 1005, '2024-02-18 13:15:00', 'Promotional', 2003),
(5034, 1005, 1003, '2024-02-18 13:40:00', 'OTP', 2008),
(5035, 1006, 1020, '2024-02-18 17:00:00', 'Transactional', 2010),
(5036, 1020, 1006, '2024-02-18 17:30:00', 'Promotional', 2001),
(5037, 1029, 1018, '2024-02-19 13:10:00', 'OTP', 2012),
(5038, 1018, 1029, '2024-02-19 13:40:00', 'Promotional', 2011),
(5039, 1004, 1012, '2024-02-19 18:00:00', 'Transactional', 2005),
(5040, 1012, 1004, '2024-02-19 18:30:00', 'Promotional', 2015);