INSERT INTO Players (player_id, username, email, country, join_date) VALUES
(1001, 'ShadowFox', 'shadowfox@mail.com', 'USA', '2023-01-12'),
(1002, 'IronKnight', 'ironknight@mail.com', 'India', '2022-11-05'),
(1003, 'LunaStar', 'lunastar@mail.com', 'UK', '2023-03-20'),
(1004, 'CyberNinja', 'cyberninja@mail.com', 'Japan', '2023-06-11'),
(1005, 'GhostRider', 'ghostrider@mail.com', 'Brazil', '2022-10-22'),
(1006, 'AlphaWolf', 'alphawolf@mail.com', 'Canada', '2022-12-15'),
(1007, 'PixelGuru', 'pixelguru@mail.com', 'Germany', '2023-02-01'),
(1008, 'NightRaven', 'nightraven@mail.com', 'France', '2023-04-09'),
(1009, 'StormBringer', 'stormbringer@mail.com', 'Australia', '2022-09-30'),
(1010, 'CrystalMage', 'crystalmage@mail.com', 'Spain', '2023-05-18'),
(1011, 'FireBlaze', 'fireblaze@mail.com', 'USA', '2023-06-22'),
(1012, 'AquaRider', 'aquarider@mail.com', 'Canada', '2023-07-01'),
(1013, 'SteelViper', 'steelviper@mail.com', 'Germany', '2022-08-15'),
(1014, 'SkyHunter', 'skyhunter@mail.com', 'UK', '2023-01-28'),
(1015, 'ThunderSoul', 'thundersoul@mail.com', 'India', '2023-03-10'),
(1016, 'IceDragon', 'icedragon@mail.com', 'Japan', '2023-02-19'),
(1017, 'BlazeStorm', 'blazestorm@mail.com', 'France', '2022-12-04'),
(1018, 'WindShadow', 'windshadow@mail.com', 'Italy', '2023-04-25'),
(1019, 'IronFalcon', 'ironfalcon@mail.com', 'Australia', '2022-11-11'),
(1020, 'DarkWizard', 'darkwizard@mail.com', 'Spain', '2023-06-02');


INSERT INTO Games (game_id, game_name, genre, release_year) VALUES
(2001, 'Galaxy Raiders', 'Action', 2021),
(2002, 'Mystic Quest', 'Adventure', 2020),
(2003, 'Cyber Arena', 'Shooter', 2022),
(2004, 'Speed Rush', 'Racing', 2019),
(2005, 'Battle Forge', 'Strategy', 2023),
(2006, 'Dragon Realms', 'RPG', 2020),
(2007, 'Zombie Escape', 'Horror', 2021),
(2008, 'Island Builders', 'Simulation', 2018),
(2009, 'World Chess Pro', 'Board', 2017),
(2010, 'Ultimate Football', 'Sports', 2023),
(2011, 'Star Voyage', 'Adventure', 2019),
(2012, 'Robo Assault', 'Shooter', 2022),
(2013, 'Deep Ocean Quest', 'Simulation', 2020),
(2014, 'Mega Rally X', 'Racing', 2021),
(2015, 'Empire Wars', 'Strategy', 2023),
(2016, 'Magic Chronicles', 'RPG', 2022),
(2017, 'Alien Attack', 'Action', 2021),
(2018, 'Farm Valley 3D', 'Simulation', 2018),
(2019, 'Chess Masters Online', 'Board', 2017),
(2020, 'Basketball Pro League', 'Sports', 2023);


INSERT INTO PlayerScores (score_id, player_id, game_id, score, play_date) VALUES
(30001, 1001, 2001, 8540, '2024-01-05'),
(30002, 1002, 2003, 9200, '2024-01-06'),
(30003, 1003, 2004, 6780, '2024-01-07'),
(30004, 1004, 2002, 7300, '2024-01-08'),
(30005, 1005, 2001, 9900, '2024-01-09'),
(30006, 1006, 2006, 7550, '2024-01-10'),
(30007, 1007, 2007, 6800, '2024-01-11'),
(30008, 1008, 2005, 8300, '2024-01-12'),
(30009, 1009, 2009, 5600, '2024-01-13'),
(30010, 1010, 2008, 7100, '2024-01-14'),
(30011, 1001, 2003, 9050, '2024-02-01'),
(30012, 1002, 2005, 8700, '2024-02-03'),
(30013, 1003, 2006, 6900, '2024-02-05'),
(30014, 1004, 2007, 7250, '2024-02-06'),
(30015, 1005, 2004, 8100, '2024-02-07'),
(30016, 1006, 2002, 7650, '2024-02-08'),
(30017, 1007, 2005, 8400, '2024-02-09'),
(30018, 1008, 2001, 8700, '2024-02-10'),
(30019, 1009, 2003, 7200, '2024-02-11'),
(30020, 1010, 2007, 7600, '2024-02-12'),
(30021, 1001, 2006, 8200, '2024-03-02'),
(30022, 1002, 2001, 8900, '2024-03-03'),
(30023, 1003, 2002, 7050, '2024-03-04'),
(30024, 1004, 2003, 9100, '2024-03-05'),
(30025, 1005, 2007, 9400, '2024-03-06'),
(30026, 1006, 2004, 6800, '2024-03-07'),
(30027, 1007, 2001, 8750, '2024-03-08'),
(30028, 1008, 2006, 7600, '2024-03-09'),
(30029, 1009, 2005, 8150, '2024-03-10'),
(30030, 1010, 2003, 8800, '2024-03-11'),
(30031, 1001, 2007, 7900, '2024-04-01'),
(30032, 1002, 2009, 6050, '2024-04-02'),
(30033, 1003, 2001, 9300, '2024-04-03'),
(30034, 1004, 2004, 8600, '2024-04-04'),
(30035, 1005, 2008, 7200, '2024-04-05'),
(30036, 1006, 2010, 8900, '2024-04-06'),
(30037, 1007, 2003, 9400, '2024-04-07'),
(30038, 1008, 2005, 8800, '2024-04-08'),
(30039, 1009, 2002, 6900, '2024-04-09'),
(30040, 1010, 2006, 8200, '2024-04-10'),
(30041, 1011, 2011, 7500, '2024-05-01'),
(30042, 1012, 2012, 8200, '2024-05-02'),
(30043, 1013, 2013, 6900, '2024-05-03'),
(30044, 1014, 2014, 8800, '2024-05-04'),
(30045, 1015, 2015, 9050, '2024-05-05'),
(30046, 1016, 2016, 7800, '2024-05-06'),
(30047, 1017, 2017, 8300, '2024-05-07'),
(30048, 1018, 2018, 6400, '2024-05-08'),
(30049, 1019, 2019, 7200, '2024-05-09'),
(30050, 1020, 2020, 7600, '2024-05-10'),
(30051, 1011, 2014, 8050, '2024-06-01'),
(30052, 1012, 2016, 8600, '2024-06-02'),
(30053, 1013, 2017, 9100, '2024-06-03'),
(30054, 1014, 2012, 7700, '2024-06-04'),
(30055, 1015, 2013, 7250, '2024-06-05'),
(30056, 1016, 2015, 8450, '2024-06-06'),
(30057, 1017, 2011, 7800, '2024-06-07'),
(30058, 1018, 2019, 6800, '2024-06-08'),
(30059, 1019, 2016, 7900, '2024-06-09'),
(30060, 1020, 2017, 8800, '2024-06-10'),
(30061, 1011, 2013, 7000, '2024-07-01'),
(30062, 1012, 2011, 7600, '2024-07-02'),
(30063, 1013, 2012, 8100, '2024-07-03'),
(30064, 1014, 2016, 8900, '2024-07-04'),
(30065, 1015, 2017, 9200, '2024-07-05'),
(30066, 1016, 2014, 7550, '2024-07-06'),
(30067, 1017, 2015, 8300, '2024-07-07'),
(30068, 1018, 2012, 7500, '2024-07-08'),
(30069, 1019, 2018, 7000, '2024-07-09'),
(30070, 1020, 2019, 7400, '2024-07-10'),
(30071, 1011, 2015, 8400, '2024-08-01'),
(30072, 1012, 2013, 6900, '2024-08-02'),
(30073, 1013, 2014, 7600, '2024-08-03'),
(30074, 1014, 2011, 8050, '2024-08-04'),
(30075, 1015, 2012, 8700, '2024-08-05'),
(30076, 1016, 2017, 9200, '2024-08-06'),
(30077, 1017, 2013, 7450, '2024-08-07'),
(30078, 1018, 2014, 8150, '2024-08-08'),
(30079, 1019, 2015, 8800, '2024-08-09'),
(30080, 1020, 2016, 8900, '2024-08-10');


INSERT INTO MatchHistory (match_id, player_id, game_id, result, time_spent_minutes, match_date) VALUES
(40001, 1001, 2001, 'Win', 45, '2024-01-05'),
(40002, 1002, 2003, 'Loss', 50, '2024-01-06'),
(40003, 1003, 2004, 'Win', 38, '2024-01-07'),
(40004, 1004, 2002, 'Win', 42, '2024-01-08'),
(40005, 1005, 2001, 'Loss', 55, '2024-01-09'),
(40006, 1006, 2006, 'Win', 47, '2024-01-10'),
(40007, 1007, 2007, 'Loss', 33, '2024-01-11'),
(40008, 1008, 2005, 'Win', 60, '2024-01-12'),
(40009, 1009, 2009, 'Loss', 25, '2024-01-13'),
(40010, 1010, 2008, 'Win', 40, '2024-01-14'),
(40011, 1001, 2003, 'Loss', 48, '2024-02-01'),
(40012, 1002, 2005, 'Win', 52, '2024-02-03'),
(40013, 1003, 2006, 'Loss', 36, '2024-02-05'),
(40014, 1004, 2007, 'Loss', 32, '2024-02-06'),
(40015, 1005, 2004, 'Win', 41, '2024-02-07'),
(40016, 1006, 2002, 'Win', 46, '2024-02-08'),
(40017, 1007, 2005, 'Win', 58, '2024-02-09'),
(40018, 1008, 2001, 'Loss', 52, '2024-02-10'),
(40019, 1009, 2003, 'Win', 44, '2024-02-11'),
(40020, 1010, 2007, 'Loss', 37, '2024-02-12'),
(40021, 1001, 2006, 'Win', 50, '2024-03-02'),
(40022, 1002, 2001, 'Loss', 42, '2024-03-03'),
(40023, 1003, 2002, 'Win', 38, '2024-03-04'),
(40024, 1004, 2003, 'Win', 55, '2024-03-05'),
(40025, 1005, 2007, 'Loss', 31, '2024-03-06'),
(40026, 1006, 2004, 'Loss', 29, '2024-03-07'),
(40027, 1007, 2001, 'Win', 53, '2024-03-08'),
(40028, 1008, 2006, 'Win', 48, '2024-03-09'),
(40029, 1009, 2005, 'Loss', 36, '2024-03-10'),
(40030, 1010, 2003, 'Win', 63, '2024-03-11'),
(40031, 1001, 2007, 'Loss', 39, '2024-04-01'),
(40032, 1002, 2009, 'Loss', 28, '2024-04-02'),
(40033, 1003, 2001, 'Win', 57, '2024-04-03'),
(40034, 1004, 2004, 'Win', 49, '2024-04-04'),
(40035, 1005, 2008, 'Loss', 34, '2024-04-05'),
(40036, 1006, 2010, 'Win', 58, '2024-04-06'),
(40037, 1007, 2003, 'Win', 61, '2024-04-07'),
(40038, 1008, 2005, 'Loss', 40, '2024-04-08'),
(40039, 1009, 2002, 'Win', 43, '2024-04-09'),
(40040, 1010, 2006, 'Win', 46, '2024-04-10'),
(40041, 1011, 2011, 'Win', 40, '2024-05-01'),
(40042, 1012, 2012, 'Loss', 52, '2024-05-02'),
(40043, 1013, 2013, 'Win', 30, '2024-05-03'),
(40044, 1014, 2014, 'Win', 36, '2024-05-04'),
(40045, 1015, 2015, 'Loss', 48, '2024-05-05'),
(40046, 1016, 2016, 'Win', 54, '2024-05-06'),
(40047, 1017, 2017, 'Win', 46, '2024-05-07'),
(40048, 1018, 2018, 'Loss', 29, '2024-05-08'),
(40049, 1019, 2019, 'Win', 42, '2024-05-09'),
(40050, 1020, 2020, 'Loss', 37, '2024-05-10'),
(40051, 1011, 2014, 'Loss', 41, '2024-06-01'),
(40052, 1012, 2016, 'Win', 44, '2024-06-02'),
(40053, 1013, 2017, 'Loss', 33, '2024-06-03'),
(40054, 1014, 2012, 'Win', 55, '2024-06-04'),
(40055, 1015, 2013, 'Win', 48, '2024-06-05'),
(40056, 1016, 2015, 'Loss', 39, '2024-06-06'),
(40057, 1017, 2011, 'Win', 52, '2024-06-07'),
(40058, 1018, 2019, 'Loss', 28, '2024-06-08'),
(40059, 1019, 2016, 'Win', 47, '2024-06-09'),
(40060, 1020, 2017, 'Win', 53, '2024-06-10'),
(40061, 1011, 2013, 'Loss', 32, '2024-07-01'),
(40062, 1012, 2011, 'Win', 50, '2024-07-02'),
(40063, 1013, 2012, 'Win', 49, '2024-07-03'),
(40064, 1014, 2016, 'Loss', 38, '2024-07-04'),
(40065, 1015, 2017, 'Win', 56, '2024-07-05'),
(40066, 1016, 2014, 'Win', 45, '2024-07-06'),
(40067, 1017, 2015, 'Loss', 31, '2024-07-07'),
(40068, 1018, 2012, 'Win', 48, '2024-07-08'),
(40069, 1019, 2018, 'Win', 34, '2024-07-09'),
(40070, 1020, 2019, 'Loss', 29, '2024-07-10'),
(40071, 1011, 2015, 'Win', 60, '2024-08-01'),
(40072, 1012, 2013, 'Loss', 27, '2024-08-02'),
(40073, 1013, 2014, 'Win', 58, '2024-08-03'),
(40074, 1014, 2011, 'Win', 43, '2024-08-04'),
(40075, 1015, 2012, 'Loss', 40, '2024-08-05'),
(40076, 1016, 2017, 'Win', 62, '2024-08-06'),
(40077, 1017, 2013, 'Loss', 35, '2024-08-07'),
(40078, 1018, 2014, 'Win', 45, '2024-08-08'),
(40079, 1019, 2015, 'Loss', 38, '2024-08-09'),
(40080, 1020, 2016, 'Win', 54, '2024-08-10');


INSERT INTO Leaderboard (leaderboard_id, game_id, player_id, rank, total_score, leaderboard_date) VALUES
(50001, 2001, 1005, 1, 18500, '2024-04-15'),
(50002, 2001, 1007, 2, 17000, '2024-04-15'),
(50003, 2001, 1001, 3, 16500, '2024-04-15'),
(50004, 2003, 1004, 1, 18200, '2024-04-15'),
(50005, 2003, 1010, 2, 17400, '2024-04-15'),
(50006, 2003, 1002, 3, 16200, '2024-04-15'),
(50007, 2005, 1008, 1, 17100, '2024-04-15'),
(50008, 2005, 1007, 2, 16800, '2024-04-15'),
(50009, 2005, 1009, 3, 15300, '2024-04-15'),
(50010, 2006, 1006, 1, 16700, '2024-04-15'),
(50011, 2006, 1010, 2, 16400, '2024-04-15'),
(50012, 2006, 1003, 3, 15900, '2024-04-15'),
(50013, 2007, 1005, 1, 18800, '2024-04-15'),
(50014, 2007, 1001, 2, 18200, '2024-04-15'),
(50015, 2007, 1004, 3, 17100, '2024-04-15'),
(50016, 2004, 1003, 1, 15380, '2024-04-15'),
(50017, 2004, 1004, 2, 15200, '2024-04-15'),
(50018, 2004, 1005, 3, 14800, '2024-04-15'),
(50019, 2002, 1004, 1, 14700, '2024-04-15'),
(50020, 2002, 1006, 2, 14300, '2024-04-15'),
(50021, 2011, 1011, 1, 15000, '2024-08-15'),
(50022, 2011, 1017, 2, 14400, '2024-08-15'),
(50023, 2011, 1014, 3, 13800, '2024-08-15'),
(50024, 2012, 1012, 1, 16200, '2024-08-15'),
(50025, 2012, 1013, 2, 15800, '2024-08-15'),
(50026, 2012, 1015, 3, 15200, '2024-08-15'),
(50027, 2014, 1014, 1, 17100, '2024-08-15'),
(50028, 2014, 1013, 2, 16550, '2024-08-15'),
(50029, 2014, 1011, 3, 16020, '2024-08-15'),
(50030, 2016, 1016, 1, 17500, '2024-08-15'),
(50031, 2016, 1019, 2, 16800, '2024-08-15'),
(50032, 2016, 1020, 3, 16200, '2024-08-15'),
(50033, 2017, 1017, 1, 18900, '2024-08-15'),
(50034, 2017, 1015, 2, 18300, '2024-08-15'),
(50035, 2017, 1013, 3, 17800, '2024-08-15'),
(50036, 2013, 1018, 1, 14000, '2024-08-15'),
(50037, 2013, 1012, 2, 13400, '2024-08-15'),
(50038, 2013, 1016, 3, 13050, '2024-08-15'),
(50039, 2019, 1019, 1, 15800, '2024-08-15'),
(50040, 2019, 1020, 2, 15400, '2024-08-15');