-- Insert values in Categories table
INSERT INTO Categories (category_id, category_name, description) VALUES
(1, 'Beverages', 'Soft drinks, juices, and water'),
(2, 'Snacks', 'Chips, biscuits, and munchies'),
(3, 'Dairy', 'Milk, curd, butter, cheese'),
(4, 'Bakery', 'Bread, cakes, and pastries'),
(5, 'Personal Care', 'Shampoo, soap, toothpaste'),
(6, 'Household', 'Cleaning and home supplies'),
(7, 'Frozen Foods', 'Frozen snacks and meals'),
(8, 'Electronics', 'Small electronics and accessories'),
(9, 'Stationery', 'Office and school supplies'),
(10, 'Groceries', 'Rice, pulses, flour, spices')

-- Insert values in Suppliers table
INSERT INTO Suppliers (supplier_id, supplier_name, contact_name, phone, email, address) VALUES
(101, 'Fresh Drinks Co.', 'Anil Mehta', '9876543210', 'anil@fdc.com', 'Mumbai'),
(102, 'SnackHub', 'Priya Verma', '9876543211', 'priya@snackhub.com', 'Delhi'),
(103, 'DairyPure', 'Rohit Kumar', '9876543212', 'rohit@dairypure.com', 'Pune'),
(104, 'BakeryFresh', 'Sneha Kapoor', '9876543213', 'sneha@bakeryfresh.com', 'Kolkata'),
(105, 'CarePlus', 'Manoj Tiwari', '9876543214', 'manoj@careplus.com', 'Bangalore'),
(106, 'HomeClean Solutions', 'Rita Sharma', '9876543215', 'rita@hcsolutions.com', 'Chennai'),
(107, 'FrozenWorld', 'Aditya Singh', '9876543216', 'aditya@frozenworld.com', 'Hyderabad'),
(108, 'ElectroMart', 'Vikas Jain', '9876543217', 'vikas@emart.com', 'Ahmedabad'),
(109, 'OfficePro Supplies', 'Harshita Rao', '9876543218', 'harshita@officepro.com', 'Surat'),
(110, 'GroceryHub', 'Sanjay Patil', '9876543219', 'sanjay@groceryhub.com', 'Indore'),
(111, 'MegaSnacks Ltd.', 'Karan Sharma', '9876543220', 'karan@megasnacks.com', 'Delhi'),
(112, 'NatureDairy Farms', 'Pooja Kulkarni', '9876543221', 'pooja@ndf.com', 'Nagpur'),
(113, 'PrimeElectro', 'Vishal Rao', '9876543222', 'vrao@primeelectro.com', 'Mumbai'),
(114, 'CleanHome Traders', 'Ananya Das', '9876543223', 'ananya@cht.com', 'Kochi'),
(115, 'DailyGrocers', 'Deepak Verma', '9876543224', 'deepak@dg.com', 'Lucknow')

-- Insert values in Products table
INSERT INTO Products (product_id, product_name, category_id, supplier_id, unit_price, reorder_level, discontinued) VALUES
(1001, 'Coca Cola 1L', 1, 101, 55, 20, 0),
(1002, 'Pepsi 1L', 1, 101, 54, 20, 0),
(1003, 'Frooti 500ml', 1, 101, 35, 15, 0),
(1004, 'Lays Classic', 2, 102, 20, 30, 0),
(1005, 'Lays Masala', 2, 102, 20, 30, 0),
(1006, 'Oreo Pack', 2, 111, 30, 25, 0),
(1007, 'Amul Milk 1L', 3, 103, 60, 40, 0),
(1008, 'Amul Butter 500g', 3, 103, 240, 20, 0),
(1009, 'Bread White', 4, 104, 30, 25, 0),
(1010, 'Brown Bread', 4, 104, 35, 20, 0),
(1011, 'Toothpaste Colgate', 5, 105, 90, 30, 0),
(1012, 'Dove Shampoo 180ml', 5, 105, 120, 15, 0),
(1013, 'Detergent Surf Excel', 6, 106, 110, 25, 0),
(1014, 'Floor Cleaner Lizol', 6, 106, 95, 20, 0),
(1015, 'Frozen Momos', 7, 107, 150, 15, 0),
(1016, 'Frozen Fries 1kg', 7, 107, 170, 12, 0),
(1017, 'Earphones Basic', 8, 108, 299, 10, 0),
(1018, 'Bluetooth Speaker Mini', 8, 108, 899, 8, 0),
(1019, 'Notebook A4', 9, 109, 40, 40, 0),
(1020, 'Ball Pen Pack', 9, 109, 25, 50, 0),
(1021, 'Basmati Rice 5kg', 10, 110, 450, 18, 0),
(1022, 'Wheat Flour 5kg', 10, 115, 250, 20, 0),
(1023, 'Toor Dal 1kg', 10, 115, 110, 25, 0),
(1024, 'Cold Coffee Can', 1, 101, 45, 25, 0),
(1025, 'Nachos Masala', 2, 111, 35, 30, 0),
(1026, 'Cheese Block 500g', 3, 112, 280, 10, 0),
(1027, 'Cake Chocolate', 4, 104, 180, 10, 0),
(1028, 'Handwash Dettol', 5, 105, 85, 25, 0),
(1029, 'Dishwash Bar Vim', 6, 114, 20, 50, 0),
(1030, 'Frozen Pizza', 7, 107, 220, 8, 0),
(1031, 'Power Bank 10000mAh', 8, 113, 1299, 5, 0),
(1032, 'Stapler Medium', 9, 109, 55, 20, 0),
(1033, 'Sugar 1kg', 10, 115, 45, 30, 0),
(1034, 'Salt 1kg', 10, 115, 20, 40, 0),
(1035, 'Sprite 500ml', 1, 101, 25, 30, 0),
(1036, 'Doritos', 2, 111, 40, 25, 0),
(1037, 'Paneer 200g', 3, 103, 75, 15, 0),
(1038, 'Pastry Butter Scotch', 4, 104, 45, 12, 0),
(1039, 'Soap Lux', 5, 105, 45, 30, 0),
(1040, 'Mop Set', 6, 114, 299, 8, 0)

-- Insert values in Inventory table
INSERT INTO Inventory (inventory_id, product_id, quantity_in_stock, warehouse_location) VALUES
(201,1001,120,'WH-A'),
(202,1002,80,'WH-A'),
(203,1003,150,'WH-A'),
(204,1004,200,'WH-B'),
(205,1005,180,'WH-B'),
(206,1006,140,'WH-B'),
(207,1007,90,'WH-C'),
(208,1008,60,'WH-C'),
(209,1009,110,'WH-D'),
(210,1010,95,'WH-D'),
(211,1011,130,'WH-E'),
(212,1012,120,'WH-E'),
(213,1013,100,'WH-F'),
(214,1014,85,'WH-F'),
(215,1015,60,'WH-G'),
(216,1016,55,'WH-G'),
(217,1017,40,'WH-H'),
(218,1018,30,'WH-H'),
(219,1019,200,'WH-I'),
(220,1020,250,'WH-I'),
(221,1021,75,'WH-J'),
(222,1022,90,'WH-J'),
(223,1023,110,'WH-J'),
(224,1024,135,'WH-A'),
(225,1025,160,'WH-B'),
(226,1026,45,'WH-C'),
(227,1027,30,'WH-D'),
(228,1028,110,'WH-E'),
(229,1029,200,'WH-F'),
(230,1030,25,'WH-G'),
(231,1031,12,'WH-H'),
(232,1032,150,'WH-I'),
(233,1033,180,'WH-J'),
(234,1034,170,'WH-J'),
(235,1035,90,'WH-A'),
(236,1036,100,'WH-B'),
(237,1037,65,'WH-C'),
(238,1038,40,'WH-D'),
(239,1039,130,'WH-E'),
(240,1040,20,'WH-F')

-- Insert values in PurchaseOrders table
INSERT INTO PurchaseOrders (po_id, product_id, supplier_id, order_date, delivery_date, quantity_ordered, purchase_price) VALUES
(401,1001,101,'2024-01-05','2024-01-10',200,50),
(402,1002,101,'2024-01-06','2024-01-11',150,49),
(403,1003,101,'2024-01-08','2024-01-13',180,30),
(404,1004,102,'2024-01-10','2024-01-15',220,15),
(405,1005,102,'2024-01-12','2024-01-16',200,15),
(406,1006,111,'2024-01-14','2024-01-19',160,25),
(407,1007,103,'2024-01-16','2024-01-20',180,55),
(408,1008,103,'2024-01-18','2024-01-22',120,200),
(409,1009,104,'2024-01-20','2024-01-23',140,25),
(410,1010,104,'2024-01-22','2024-01-26',130,28),
(411,1011,105,'2024-01-23','2024-01-28',150,70),
(412,1012,105,'2024-01-25','2024-01-30',140,95),
(413,1013,106,'2024-01-28','2024-02-01',170,90),
(414,1014,106,'2024-01-29','2024-02-02',160,75),
(415,1015,107,'2024-02-01','2024-02-05',80,120),
(416,1016,107,'2024-02-02','2024-02-06',75,130),
(417,1017,108,'2024-02-03','2024-02-08',45,200),
(418,1018,108,'2024-02-05','2024-02-09',30,700),
(419,1019,109,'2024-02-06','2024-02-10',260,20),
(420,1020,109,'2024-02-08','2024-02-12',300,15),
(421,1021,110,'2024-02-10','2024-02-15',100,420),
(422,1022,115,'2024-02-12','2024-02-18',110,220),
(423,1023,115,'2024-02-13','2024-02-18',140,90),
(424,1024,101,'2024-02-14','2024-02-19',170,38),
(425,1025,111,'2024-02-16','2024-02-21',190,25),
(426,1026,112,'2024-02-18','2024-02-23',60,230),
(427,1027,104,'2024-02-20','2024-02-24',40,160),
(428,1028,105,'2024-02-22','2024-02-26',150,65),
(429,1029,114,'2024-02-24','2024-02-28',280,15),
(430,1030,107,'2024-02-26','2024-03-03',35,180),
(431,1031,113,'2024-02-28','2024-03-05',20,1000),
(432,1032,109,'2024-03-01','2024-03-06',180,40),
(433,1033,115,'2024-03-02','2024-03-07',220,40),
(434,1034,115,'2024-03-03','2024-03-09',200,15),
(435,1035,101,'2024-03-04','2024-03-10',140,20),
(436,1036,111,'2024-03-05','2024-03-11',150,30),
(437,1037,103,'2024-03-06','2024-03-12',70,60),
(438,1038,104,'2024-03-07','2024-03-13',50,35),
(439,1039,105,'2024-03-09','2024-03-14',150,30),
(440,1040,114,'2024-03-10','2024-03-15',25,250)

-- Insert values in Sales table
INSERT INTO Sales (sale_id, product_id, sale_date, quantity_sold, selling_price) VALUES
(10001,1001,'2024-03-01',25,55),
(10002,1002,'2024-03-01',18,54),
(10003,1003,'2024-03-02',30,35),
(10004,1004,'2024-03-02',40,20),
(10005,1005,'2024-03-02',38,20),
(10006,1006,'2024-03-03',22,30),
(10007,1007,'2024-03-03',15,60),
(10008,1008,'2024-03-04',12,240),
(10009,1009,'2024-03-04',20,30),
(10010,1010,'2024-03-05',18,35),
(10011,1011,'2024-03-05',30,90),
(10012,1012,'2024-03-05',25,120),
(10013,1013,'2024-03-06',28,110),
(10014,1014,'2024-03-06',20,95),
(10015,1015,'2024-03-07',10,150),
(10016,1016,'2024-03-07',8,170),
(10017,1017,'2024-03-08',5,299),
(10018,1018,'2024-03-08',3,899),
(10019,1019,'2024-03-09',45,40),
(10020,1020,'2024-03-09',55,25),
(10021,1021,'2024-03-10',8,450),
(10022,1022,'2024-03-10',12,250),
(10023,1023,'2024-03-11',18,110),
(10024,1024,'2024-03-11',28,45),
(10025,1025,'2024-03-11',30,35),
(10026,1026,'2024-03-12',6,280),
(10027,1027,'2024-03-12',4,180),
(10028,1028,'2024-03-12',24,85),
(10029,1029,'2024-03-13',52,20),
(10030,1030,'2024-03-13',7,220),
(10031,1031,'2024-03-14',2,1299),
(10032,1032,'2024-03-14',40,55),
(10033,1033,'2024-03-15',42,45),
(10034,1034,'2024-03-15',38,20),
(10035,1035,'2024-03-15',25,25),
(10036,1036,'2024-03-16',32,40),
(10037,1037,'2024-03-16',14,75),
(10038,1038,'2024-03-17',10,45),
(10039,1039,'2024-03-17',28,45),
(10040,1040,'2024-03-18',3,299)