-- Insert values on Guests table
INSERT INTO Guests (guest_id, first_name, last_name, phone, email, country) VALUES
(1, 'Aarav', 'Sharma', '+919876543210', 'aarav.sharma@email.com', 'India'),
(2, 'Aditi', 'Patel', '+919876543211', 'aditi.patel@email.com', 'India'),
(3, 'Arjun', 'Singh', '+919876543212', 'arjun.singh@email.com', 'India'),
(4, 'Ananya', 'Kumar', '+919876543213', 'ananya.kumar@email.com', 'India'),
(5, 'Vivaan', 'Verma', '+919876543214', 'vivaan.verma@email.com', 'India'),
(6, 'Diya', 'Gupta', '+919876543215', 'diya.gupta@email.com', 'India'),
(7, 'Ishaan', 'Mehta', '+919876543216', 'ishaan.mehta@email.com', 'India'),
(8, 'Myra', 'Reddy', '+919876543217', 'myra.reddy@email.com', 'India'),
(9, 'Reyansh', 'Joshi', '+919876543218', 'reyansh.joshi@email.com', 'India'),
(10, 'Saanvi', 'Nair', '+919876543219', 'saanvi.nair@email.com', 'India'),
(11, 'Aryan', 'Malhotra', '+919876543220', 'aryan.malhotra@email.com', 'India'),
(12, 'Kiara', 'Agarwal', '+919876543221', 'kiara.agarwal@email.com', 'India'),
(13, 'Rudra', 'Chopra', '+919876543222', 'rudra.chopra@email.com', 'India'),
(14, 'Aadhya', 'Mishra', '+919876543223', 'aadhya.mishra@email.com', 'India'),
(15, 'Kabir', 'Yadav', '+919876543224', 'kabir.yadav@email.com', 'India'),
(16, 'Zara', 'Dubey', '+919876543225', 'zara.dubey@email.com', 'India'),
(17, 'Veer', 'Pandey', '+919876543226', 'veer.pandey@email.com', 'India'),
(18, 'Riya', 'Saxena', '+919876543227', 'riya.saxena@email.com', 'India'),
(19, 'Atharv', 'Thakur', '+919876543228', 'atharv.thakur@email.com', 'India'),
(20, 'Pari', 'Bose', '+919876543229', 'pari.bose@email.com', 'India'),
(21, 'Liam', 'Wilson', '+12025550101', 'liam.wilson@email.com', 'USA'),
(22, 'Emma', 'Johnson', '+12025550102', 'emma.johnson@email.com', 'USA'),
(23, 'Noah', 'Davis', '+12025550103', 'noah.davis@email.com', 'USA'),
(24, 'Olivia', 'Martinez', '+12025550104', 'olivia.martinez@email.com', 'USA'),
(25, 'Ethan', 'Garcia', '+12025550105', 'ethan.garcia@email.com', 'USA'),
(26, 'Sophia', 'Lee', '+12025550106', 'sophia.lee@email.com', 'USA'),
(27, 'Mason', 'Brown', '+12025550107', 'mason.brown@email.com', 'USA'),
(28, 'Ava', 'Taylor', '+12025550108', 'ava.taylor@email.com', 'USA'),
(29, 'Lucas', 'Hernandez', '+12025550109', 'lucas.hernandez@email.com', 'USA'),
(30, 'Isabella', 'Moore', '+12025550110', 'isabella.moore@email.com', 'USA'),
(31, 'James', 'Clark', '+442072401001', 'james.clark@email.com', 'UK'),
(32, 'Charlotte', 'Lewis', '+442072401002', 'charlotte.lewis@email.com', 'UK'),
(33, 'Henry', 'Walker', '+442072401003', 'henry.walker@email.com', 'UK'),
(34, 'Amelia', 'Hall', '+442072401004', 'amelia.hall@email.com', 'UK'),
(35, 'Jack', 'Allen', '+442072401005', 'jack.allen@email.com', 'UK'),
(36, 'Evelyn', 'Young', '+442072401006', 'evelyn.young@email.com', 'UK'),
(37, 'Oliver', 'King', '+442072401007', 'oliver.king@email.com', 'UK'),
(38, 'Harper', 'Wright', '+442072401008', 'harper.wright@email.com', 'UK'),
(39, 'George', 'Scott', '+442072401009', 'george.scott@email.com', 'UK'),
(40, 'Lily', 'Green', '+442072401010', 'lily.green@email.com', 'UK'),
(41, 'Muhammad', 'Ali', '+971501234501', 'muhammad.ali@email.com', 'UAE'),
(42, 'Fatima', 'Khan', '+971501234502', 'fatima.khan@email.com', 'UAE'),
(43, 'Ahmed', 'Hassan', '+971501234503', 'ahmed.hassan@email.com', 'UAE'),
(44, 'Aisha', 'Omar', '+971501234504', 'aisha.omar@email.com', 'UAE'),
(45, 'Omar', 'Salem', '+971501234505', 'omar.salem@email.com', 'UAE'),
(46, 'Noor', 'Ibrahim', '+971501234506', 'noor.ibrahim@email.com', 'UAE'),
(47, 'Youssef', 'Mohamed', '+971501234507', 'youssef.mohamed@email.com', 'UAE'),
(48, 'Layla', 'Ahmed', '+971501234508', 'layla.ahmed@email.com', 'UAE'),
(49, 'Khalid', 'Rahman', '+971501234509', 'khalid.rahman@email.com', 'UAE'),
(50, 'Sara', 'Youssef', '+971501234510', 'sara.youssef@email.com', 'UAE'),
(51, 'Priya', 'Rao', '+919876543230', 'priya.rao@email.com', 'India'),
(52, 'Rohan', 'Shetty', '+919876543231', 'rohan.shetty@email.com', 'India'),
(53, 'Neha', 'Iyer', '+919876543232', 'neha.iyer@email.com', 'India'),
(54, 'Karan', 'Menon', '+919876543233', 'karan.menon@email.com', 'India'),
(55, 'Sneha', 'Nambiar', '+919876543234', 'sneha.nambiar@email.com', 'India'),
(56, 'Arnav', 'Pillai', '+919876543235', 'arnav.pillai@email.com', 'India'),
(57, 'Tara', 'Varma', '+919876543236', 'tara.varma@email.com', 'India'),
(58, 'Vikram', 'Chaudhary', '+919876543237', 'vikram.chaudhary@email.com', 'India'),
(59, 'Meera', 'Kapoor', '+919876543238', 'meera.kapoor@email.com', 'India'),
(60, 'Siddharth', 'Bhatia', '+919876543239', 'siddharth.bhatia@email.com', 'India'),
(61, 'John', 'Smith', '+61412345601', 'john.smith@email.com', 'Australia'),
(62, 'Emily', 'Jones', '+61412345602', 'emily.jones@email.com', 'Australia'),
(63, 'Michael', 'Williams', '+61412345603', 'michael.williams@email.com', 'Australia'),
(64, 'Sarah', 'Brown', '+61412345604', 'sarah.brown@email.com', 'Australia'),
(65, 'David', 'Wilson', '+61412345605', 'david.wilson@email.com', 'Australia'),
(66, 'Jessica', 'Taylor', '+61412345606', 'jessica.taylor@email.com', 'Australia'),
(67, 'Daniel', 'Anderson', '+61412345607', 'daniel.anderson@email.com', 'Australia'),
(68, 'Laura', 'Thomas', '+61412345608', 'laura.thomas@email.com', 'Australia'),
(69, 'Ryan', 'Jackson', '+61412345609', 'ryan.jackson@email.com', 'Australia'),
(70, 'Sophie', 'White', '+61412345610', 'sophie.white@email.com', 'Australia'),
(71, 'Raj', 'Desai', '+919876543240', 'raj.desai@email.com', 'India'),
(72, 'Pooja', 'Shah', '+919876543241', 'pooja.shah@email.com', 'India'),
(73, 'Amit', 'Trivedi', '+919876543242', 'amit.trivedi@email.com', 'India'),
(74, 'Shalini', 'Jain', '+919876543243', 'shalini.jain@email.com', 'India'),
(75, 'Nikhil', 'Sinha', '+919876543244', 'nikhil.sinha@email.com', 'India'),
(76, 'Ritu', 'Das', '+919876543245', 'ritu.das@email.com', 'India'),
(77, 'Sameer', 'Roy', '+919876543246', 'sameer.roy@email.com', 'India'),
(78, 'Anjali', 'Ghosh', '+919876543247', 'anjali.ghosh@email.com', 'India'),
(79, 'Vivek', 'Banerjee', '+919876543248', 'vivek.banerjee@email.com', 'India'),
(80, 'Kavya', 'Mukherjee', '+919876543249', 'kavya.mukherjee@email.com', 'India'),
(81, 'Carlos', 'Silva', '+5511987654321', 'carlos.silva@email.com', 'Brazil'),
(82, 'Ana', 'Santos', '+5511987654322', 'ana.santos@email.com', 'Brazil'),
(83, 'Pedro', 'Oliveira', '+5511987654323', 'pedro.oliveira@email.com', 'Brazil'),
(84, 'Maria', 'Costa', '+5511987654324', 'maria.costa@email.com', 'Brazil'),
(85, 'Lucas', 'Pereira', '+5511987654325', 'lucas.pereira@email.com', 'Brazil'),
(86, 'Julia', 'Almeida', '+5511987654326', 'julia.almeida@email.com', 'Brazil'),
(87, 'Gabriel', 'Ferreira', '+5511987654327', 'gabriel.ferreira@email.com', 'Brazil'),
(88, 'Beatriz', 'Rodrigues', '+5511987654328', 'beatriz.rodrigues@email.com', 'Brazil'),
(89, 'Rafael', 'Gomes', '+5511987654329', 'rafael.gomes@email.com', 'Brazil'),
(90, 'Larissa', 'Martins', '+5511987654330', 'larissa.martins@email.com', 'Brazil'),
(91, 'Wei', 'Zhang', '+8613912345671', 'wei.zhang@email.com', 'China'),
(92, 'Li', 'Wang', '+8613912345672', 'li.wang@email.com', 'China'),
(93, 'Ming', 'Liu', '+8613912345673', 'ming.liu@email.com', 'China'),
(94, 'Jing', 'Chen', '+8613912345674', 'jing.chen@email.com', 'China'),
(95, 'Hao', 'Yang', '+8613912345675', 'hao.yang@email.com', 'China'),
(96, 'Mei', 'Huang', '+8613912345676', 'mei.huang@email.com', 'China'),
(97, 'Jun', 'Zhao', '+8613912345677', 'jun.zhao@email.com', 'China'),
(98, 'Xia', 'Wu', '+8613912345678', 'xia.wu@email.com', 'China'),
(99, 'Lei', 'Xu', '+8613912345679', 'lei.xu@email.com', 'China'),
(100, 'Na', 'Sun', '+8613912345680', 'na.sun@email.com', 'China');

-- Insert values on Rooms table
INSERT INTO Rooms (room_id, room_number, room_type, capacity, price_per_night, status) VALUES
(1001, '101', 'Standard', 2, 2500.00, 'Available'),
(1002, '102', 'Standard', 2, 2500.00, 'Available'),
(1003, '103', 'Standard', 2, 2500.00, 'Maintenance'),
(1004, '104', 'Standard', 2, 2500.00, 'Available'),
(1005, '105', 'Standard', 2, 2500.00, 'Available'),
(1006, '201', 'Deluxe', 3, 4500.00, 'Available'),
(1007, '202', 'Deluxe', 3, 4500.00, 'Available'),
(1008, '203', 'Deluxe', 3, 4500.00, 'Available'),
(1009, '204', 'Deluxe', 3, 4500.00, 'Maintenance'),
(1010, '205', 'Deluxe', 3, 4500.00, 'Available'),
(1011, '301', 'Suite', 4, 8500.00, 'Available'),
(1012, '302', 'Suite', 4, 8500.00, 'Available'),
(1013, '303', 'Suite', 4, 8500.00, 'Available'),
(1014, '304', 'Suite', 4, 8500.00, 'Available'),
(1015, '305', 'Suite', 4, 8500.00, 'Maintenance'),
(1016, '106', 'Standard', 2, 2500.00, 'Available'),
(1017, '107', 'Standard', 2, 2500.00, 'Available'),
(1018, '108', 'Standard', 2, 2500.00, 'Available'),
(1019, '109', 'Standard', 2, 2500.00, 'Available'),
(1020, '110', 'Standard', 2, 2500.00, 'Available'),
(1021, '206', 'Deluxe', 3, 4500.00, 'Available'),
(1022, '207', 'Deluxe', 3, 4500.00, 'Available'),
(1023, '208', 'Deluxe', 3, 4500.00, 'Available'),
(1024, '209', 'Deluxe', 3, 4500.00, 'Available'),
(1025, '210', 'Deluxe', 3, 4500.00, 'Available'),
(1026, '306', 'Suite', 4, 8500.00, 'Available'),
(1027, '307', 'Suite', 4, 8500.00, 'Available'),
(1028, '308', 'Suite', 4, 8500.00, 'Available'),
(1029, '309', 'Suite', 4, 8500.00, 'Available'),
(1030, '310', 'Suite', 4, 8500.00, 'Available'),
(1031, '111', 'Standard', 2, 2500.00, 'Available'),
(1032, '112', 'Standard', 2, 2500.00, 'Maintenance'),
(1033, '113', 'Standard', 2, 2500.00, 'Available'),
(1034, '114', 'Standard', 2, 2500.00, 'Available'),
(1035, '115', 'Standard', 2, 2500.00, 'Available'),
(1036, '211', 'Deluxe', 3, 4500.00, 'Available'),
(1037, '212', 'Deluxe', 3, 4500.00, 'Available'),
(1038, '213', 'Deluxe', 3, 4500.00, 'Available'),
(1039, '214', 'Deluxe', 3, 4500.00, 'Available'),
(1040, '215', 'Deluxe', 3, 4500.00, 'Maintenance'),
(1041, '311', 'Suite', 4, 8500.00, 'Available'),
(1042, '312', 'Suite', 4, 8500.00, 'Available'),
(1043, '313', 'Suite', 4, 8500.00, 'Available'),
(1044, '314', 'Suite', 4, 8500.00, 'Available'),
(1045, '315', 'Suite', 4, 8500.00, 'Available'),
(1046, '116', 'Standard', 2, 2500.00, 'Available'),
(1047, '117', 'Standard', 2, 2500.00, 'Available'),
(1048, '118', 'Standard', 2, 2500.00, 'Available'),
(1049, '119', 'Standard', 2, 2500.00, 'Available'),
(1050, '120', 'Standard', 2, 2500.00, 'Available'),
(1051, '216', 'Deluxe', 3, 4500.00, 'Available'),
(1052, '217', 'Deluxe', 3, 4500.00, 'Available'),
(1053, '218', 'Deluxe', 3, 4500.00, 'Available'),
(1054, '219', 'Deluxe', 3, 4500.00, 'Available'),
(1055, '220', 'Deluxe', 3, 4500.00, 'Available'),
(1056, '316', 'Suite', 4, 8500.00, 'Available'),
(1057, '317', 'Suite', 4, 8500.00, 'Available'),
(1058, '318', 'Suite', 4, 8500.00, 'Maintenance'),
(1059, '319', 'Suite', 4, 8500.00, 'Available'),
(1060, '320', 'Suite', 4, 8500.00, 'Available'),
(1061, '121', 'Standard', 2, 2500.00, 'Available'),
(1062, '122', 'Standard', 2, 2500.00, 'Available'),
(1063, '123', 'Standard', 2, 2500.00, 'Available'),
(1064, '124', 'Standard', 2, 2500.00, 'Available'),
(1065, '125', 'Standard', 2, 2500.00, 'Available'),
(1066, '221', 'Deluxe', 3, 4500.00, 'Available'),
(1067, '222', 'Deluxe', 3, 4500.00, 'Available'),
(1068, '223', 'Deluxe', 3, 4500.00, 'Available'),
(1069, '224', 'Deluxe', 3, 4500.00, 'Available'),
(1070, '225', 'Deluxe', 3, 4500.00, 'Available'),
(1071, '321', 'Suite', 4, 8500.00, 'Available'),
(1072, '322', 'Suite', 4, 8500.00, 'Available'),
(1073, '323', 'Suite', 4, 8500.00, 'Available'),
(1074, '324', 'Suite', 4, 8500.00, 'Available'),
(1075, '325', 'Suite', 4, 8500.00, 'Available'),
(1076, '126', 'Standard', 2, 2500.00, 'Available'),
(1077, '127', 'Standard', 2, 2500.00, 'Available'),
(1078, '128', 'Standard', 2, 2500.00, 'Maintenance'),
(1079, '129', 'Standard', 2, 2500.00, 'Available'),
(1080, '130', 'Standard', 2, 2500.00, 'Available'),
(1081, '226', 'Deluxe', 3, 4500.00, 'Available'),
(1082, '227', 'Deluxe', 3, 4500.00, 'Available'),
(1083, '228', 'Deluxe', 3, 4500.00, 'Available'),
(1084, '229', 'Deluxe', 3, 4500.00, 'Available'),
(1085, '230', 'Deluxe', 3, 4500.00, 'Available'),
(1086, '326', 'Suite', 4, 8500.00, 'Available'),
(1087, '327', 'Suite', 4, 8500.00, 'Available'),
(1088, '328', 'Suite', 4, 8500.00, 'Available'),
(1089, '329', 'Suite', 4, 8500.00, 'Available'),
(1090, '330', 'Suite', 4, 8500.00, 'Available'),
(1091, '131', 'Standard', 2, 2500.00, 'Available'),
(1092, '132', 'Standard', 2, 2500.00, 'Available'),
(1093, '133', 'Standard', 2, 2500.00, 'Available'),
(1094, '134', 'Standard', 2, 2500.00, 'Available'),
(1095, '135', 'Standard', 2, 2500.00, 'Available'),
(1096, '231', 'Deluxe', 3, 4500.00, 'Available'),
(1097, '232', 'Deluxe', 3, 4500.00, 'Available'),
(1098, '233', 'Deluxe', 3, 4500.00, 'Available'),
(1099, '234', 'Deluxe', 3, 4500.00, 'Available'),
(1100, '235', 'Deluxe', 3, 4500.00, 'Available');

-- Insert values on Reservations table
INSERT INTO Reservations (reservation_id, guest_id, room_id, checkin_date, checkout_date, booking_date, status) VALUES
(201, 1, 1001, '2025-11-15', '2025-11-18', '2025-11-01', 'Confirmed'),
(202, 2, 1006, '2025-11-20', '2025-11-23', '2025-10-28', 'Confirmed'),
(203, 3, 1011, '2025-11-25', '2025-11-30', '2025-11-05', 'Confirmed'),
(204, 4, 1002, '2025-11-12', '2025-11-14', '2025-11-03', 'Completed'),
(205, 5, 1007, '2025-11-18', '2025-11-21', '2025-11-02', 'Confirmed'),
(206, 6, 1016, '2025-11-22', '2025-11-24', '2025-10-30', 'Canceled'),
(207, 7, 1021, '2025-11-16', '2025-11-19', '2025-11-04', 'Confirmed'),
(208, 8, 1031, '2025-11-28', '2025-11-30', '2025-11-06', 'Confirmed'),
(209, 9, 1004, '2025-11-10', '2025-11-13', '2025-10-25', 'Completed'),
(210, 10, 1012, '2025-11-19', '2025-11-22', '2025-11-01', 'Confirmed'),
(211, 11, 1005, '2025-11-14', '2025-11-16', '2025-10-29', 'Completed'),
(212, 12, 1026, '2025-11-21', '2025-11-25', '2025-11-03', 'Confirmed'),
(213, 13, 1036, '2025-11-26', '2025-11-29', '2025-11-07', 'Confirmed'),
(214, 14, 1008, '2025-11-17', '2025-11-20', '2025-11-02', 'Confirmed'),
(215, 15, 1017, '2025-11-23', '2025-11-26', '2025-10-31', 'Confirmed'),
(216, 16, 1041, '2025-11-30', '2025-12-03', '2025-11-08', 'Confirmed'),
(217, 17, 1018, '2025-11-11', '2025-11-13', '2025-10-27', 'Completed'),
(218, 18, 1009, '2025-11-27', '2025-11-30', '2025-11-05', 'Confirmed'),
(219, 19, 1022, '2025-11-15', '2025-11-18', '2025-10-30', 'Confirmed'),
(220, 20, 1037, '2025-11-20', '2025-11-23', '2025-11-01', 'Confirmed'),
(221, 21, 1046, '2025-11-24', '2025-11-27', '2025-11-04', 'Confirmed'),
(222, 22, 1019, '2025-11-13', '2025-11-15', '2025-10-28', 'Completed'),
(223, 23, 1051, '2025-11-29', '2025-12-02', '2025-11-06', 'Confirmed'),
(224, 24, 1023, '2025-11-18', '2025-11-21', '2025-11-02', 'Confirmed'),
(225, 25, 1061, '2025-11-25', '2025-11-28', '2025-11-05', 'Confirmed'),
(226, 26, 1038, '2025-11-12', '2025-11-14', '2025-10-26', 'Completed'),
(227, 27, 1001, '2025-12-01', '2025-12-04', '2025-11-09', 'Confirmed'),
(228, 28, 1071, '2025-11-16', '2025-11-19', '2025-11-01', 'Confirmed'),
(229, 29, 1024, '2025-11-22', '2025-11-25', '2025-11-03', 'Confirmed'),
(230, 30, 1047, '2025-11-28', '2025-11-30', '2025-11-07', 'Confirmed'),
(231, 31, 1013, '2025-11-10', '2025-11-12', '2025-10-24', 'Completed'),
(232, 32, 1056, '2025-11-19', '2025-11-22', '2025-11-02', 'Confirmed'),
(233, 33, 1025, '2025-11-26', '2025-11-29', '2025-11-06', 'Confirmed'),
(234, 34, 1066, '2025-11-14', '2025-11-17', '2025-10-30', 'Confirmed'),
(235, 35, 1039, '2025-11-21', '2025-11-24', '2025-11-04', 'Confirmed'),
(236, 36, 1081, '2025-11-30', '2025-12-03', '2025-11-08', 'Confirmed'),
(237, 37, 1020, '2025-11-11', '2025-11-13', '2025-10-25', 'Completed'),
(238, 38, 1048, '2025-11-27', '2025-11-30', '2025-11-05', 'Confirmed'),
(239, 39, 1052, '2025-11-17', '2025-11-20', '2025-11-01', 'Confirmed'),
(240, 40, 1076, '2025-11-23', '2025-11-26', '2025-11-03', 'Confirmed'),
(241, 41, 1014, '2025-11-15', '2025-11-18', '2025-10-29', 'Confirmed'),
(242, 42, 1067, '2025-11-20', '2025-11-23', '2025-11-02', 'Confirmed'),
(243, 43, 1049, '2025-11-13', '2025-11-15', '2025-10-27', 'Completed'),
(244, 44, 1086, '2025-11-29', '2025-12-02', '2025-11-07', 'Confirmed'),
(245, 45, 1027, '2025-11-18', '2025-11-21', '2025-11-01', 'Confirmed'),
(246, 46, 1053, '2025-11-25', '2025-11-28', '2025-11-05', 'Confirmed'),
(247, 47, 1091, '2025-11-12', '2025-11-14', '2025-10-26', 'Completed'),
(248, 48, 1032, '2025-11-16', '2025-11-19', '2025-11-03', 'Confirmed'),
(249, 49, 1077, '2025-11-22', '2025-11-25', '2025-11-04', 'Confirmed'),
(250, 50, 1054, '2025-11-28', '2025-11-30', '2025-11-06', 'Confirmed'),
(251, 51, 1015, '2025-11-10', '2025-11-13', '2025-10-23', 'Completed'),
(252, 52, 1087, '2025-11-19', '2025-11-22', '2025-11-02', 'Confirmed'),
(253, 53, 1028, '2025-11-26', '2025-11-29', '2025-11-07', 'Confirmed'),
(254, 54, 1068, '2025-11-14', '2025-11-17', '2025-10-31', 'Confirmed'),
(255, 55, 1042, '2025-11-21', '2025-11-24', '2025-11-04', 'Confirmed'),
(256, 56, 1096, '2025-11-30', '2025-12-03', '2025-11-08', 'Confirmed'),
(257, 57, 1029, '2025-11-11', '2025-11-13', '2025-10-24', 'Completed'),
(258, 58, 1057, '2025-11-27', '2025-11-30', '2025-11-06', 'Confirmed'),
(259, 59, 1030, '2025-11-17', '2025-11-20', '2025-11-01', 'Confirmed'),
(260, 60, 1078, '2025-11-23', '2025-11-26', '2025-11-03', 'Confirmed'),
(261, 61, 1010, '2025-11-15', '2025-11-18', '2025-10-28', 'Confirmed'),
(262, 62, 1069, '2025-11-20', '2025-11-23', '2025-11-02', 'Confirmed'),
(263, 63, 1050, '2025-11-13', '2025-11-15', '2025-10-26', 'Completed'),
(264, 64, 1092, '2025-11-29', '2025-12-02', '2025-11-07', 'Confirmed'),
(265, 65, 1033, '2025-11-18', '2025-11-21', '2025-11-01', 'Confirmed'),
(266, 66, 1079, '2025-11-25', '2025-11-28', '2025-11-05', 'Confirmed'),
(267, 67, 1055, '2025-11-12', '2025-11-14', '2025-10-25', 'Completed'),
(268, 68, 1043, '2025-11-16', '2025-11-19', '2025-11-03', 'Confirmed'),
(269, 69, 1082, '2025-11-22', '2025-11-25', '2025-11-04', 'Confirmed'),
(270, 70, 1062, '2025-11-28', '2025-11-30', '2025-11-06', 'Confirmed'),
(271, 71, 1016, '2025-11-10', '2025-11-12', '2025-10-22', 'Completed'),
(272, 72, 1093, '2025-11-19', '2025-11-22', '2025-11-02', 'Confirmed'),
(273, 73, 1034, '2025-11-26', '2025-11-29', '2025-11-07', 'Confirmed'),
(274, 74, 1072, '2025-11-14', '2025-11-17', '2025-10-30', 'Confirmed'),
(275, 75, 1058, '2025-11-21', '2025-11-24', '2025-11-04', 'Confirmed'),
(276, 76, 1097, '2025-11-30', '2025-12-03', '2025-11-08', 'Confirmed'),
(277, 77, 1035, '2025-11-11', '2025-11-13', '2025-10-23', 'Completed'),
(278, 78, 1063, '2025-11-27', '2025-11-30', '2025-11-06', 'Confirmed'),
(279, 79, 1083, '2025-11-17', '2025-11-20', '2025-11-01', 'Confirmed'),
(280, 80, 1044, '2025-11-23', '2025-11-26', '2025-11-03', 'Confirmed'),
(281, 81, 1021, '2025-11-15', '2025-11-18', '2025-10-27', 'Confirmed'),
(282, 82, 1094, '2025-11-20', '2025-11-23', '2025-11-02', 'Confirmed'),
(283, 83, 1064, '2025-11-13', '2025-11-15', '2025-10-25', 'Completed'),
(284, 84, 1088, '2025-11-29', '2025-12-02', '2025-11-07', 'Confirmed'),
(285, 85, 1045, '2025-11-18', '2025-11-21', '2025-11-01', 'Confirmed'),
(286, 86, 1073, '2025-11-25', '2025-11-28', '2025-11-05', 'Confirmed'),
(287, 87, 1059, '2025-11-12', '2025-11-14', '2025-10-24', 'Completed'),
(288, 88, 1095, '2025-11-16', '2025-11-19', '2025-11-03', 'Confirmed'),
(289, 89, 1089, '2025-11-22', '2025-11-25', '2025-11-04', 'Confirmed'),
(290, 90, 1065, '2025-11-28', '2025-11-30', '2025-11-06', 'Confirmed'),
(291, 91, 1036, '2025-11-10', '2025-11-12', '2025-10-21', 'Completed'),
(292, 92, 1098, '2025-11-19', '2025-11-22', '2025-11-02', 'Confirmed'),
(293, 93, 1074, '2025-11-26', '2025-11-29', '2025-11-07', 'Confirmed'),
(294, 94, 1084, '2025-11-14', '2025-11-17', '2025-10-29', 'Confirmed'),
(295, 95, 1060, '2025-11-21', '2025-11-24', '2025-11-04', 'Confirmed'),
(296, 96, 1099, '2025-11-30', '2025-12-03', '2025-11-08', 'Confirmed'),
(297, 97, 1075, '2025-11-11', '2025-11-13', '2025-10-22', 'Completed'),
(298, 98, 1085, '2025-11-27', '2025-11-30', '2025-11-06', 'Confirmed'),
(299, 99, 1090, '2025-11-17', '2025-11-20', '2025-11-01', 'Confirmed'),
(300, 100, 1080, '2025-11-23', '2025-11-26', '2025-11-03', 'Confirmed');

-- Insert values on Payments table
INSERT INTO Payments (payment_id, reservation_id, amount, payment_date, method, status) VALUES
(401, 201, 7500.00, '2025-11-01', 'Online', 'Paid'),
(402, 202, 13500.00, '2025-10-28', 'Card', 'Paid'),
(403, 203, 42500.00, '2025-11-05', 'Online', 'Paid'),
(404, 204, 5000.00, '2025-11-03', 'Cash', 'Paid'),
(405, 205, 13500.00, '2025-11-02', 'Card', 'Paid'),
(406, 206, 5000.00, '2025-10-30', 'Online', 'Failed'),
(407, 207, 13500.00, '2025-11-04', 'Online', 'Paid'),
(408, 208, 5000.00, '2025-11-06', 'Cash', 'Paid'),
(409, 209, 7500.00, '2025-10-25', 'Card', 'Paid'),
(410, 210, 25500.00, '2025-11-01', 'Online', 'Paid'),
(411, 211, 5000.00, '2025-10-29', 'Cash', 'Paid'),
(412, 212, 34000.00, '2025-11-03', 'Card', 'Paid'),
(413, 213, 25500.00, '2025-11-07', 'Online', 'Paid'),
(414, 214, 13500.00, '2025-11-02', 'Card', 'Paid'),
(415, 215, 13500.00, '2025-10-31', 'Online', 'Paid'),
(416, 216, 25500.00, '2025-11-08', 'Card', 'Paid'),
(417, 217, 5000.00, '2025-10-27', 'Cash', 'Paid'),
(418, 218, 7500.00, '2025-11-05', 'Online', 'Paid'),
(419, 219, 13500.00, '2025-10-30', 'Card', 'Paid'),
(420, 220, 25500.00, '2025-11-01', 'Online', 'Paid'),
(421, 221, 7500.00, '2025-11-04', 'Cash', 'Paid'),
(422, 222, 5000.00, '2025-10-28', 'Card', 'Paid'),
(423, 223, 25500.00, '2025-11-06', 'Online', 'Paid'),
(424, 224, 13500.00, '2025-11-02', 'Card', 'Paid'),
(425, 225, 7500.00, '2025-11-05', 'Online', 'Paid'),
(426, 226, 5000.00, '2025-10-26', 'Cash', 'Paid'),
(427, 227, 7500.00, '2025-11-09', 'Online', 'Paid'),
(428, 228, 25500.00, '2025-11-01', 'Card', 'Paid'),
(429, 229, 13500.00, '2025-11-03', 'Online', 'Paid'),
(430, 230, 5000.00, '2025-11-07', 'Cash', 'Paid'),
(431, 231, 17000.00, '2025-10-24', 'Card', 'Paid'),
(432, 232, 25500.00, '2025-11-02', 'Online', 'Paid'),
(433, 233, 25500.00, '2025-11-06', 'Card', 'Paid'),
(434, 234, 7500.00, '2025-10-30', 'Online', 'Paid'),
(435, 235, 13500.00, '2025-11-04', 'Card', 'Paid'),
(436, 236, 25500.00, '2025-11-08', 'Online', 'Paid'),
(437, 237, 5000.00, '2025-10-25', 'Cash', 'Paid'),
(438, 238, 7500.00, '2025-11-05', 'Card', 'Paid'),
(439, 239, 13500.00, '2025-11-01', 'Online', 'Paid'),
(440, 240, 7500.00, '2025-11-03', 'Cash', 'Paid'),
(441, 241, 25500.00, '2025-10-29', 'Card', 'Paid'),
(442, 242, 25500.00, '2025-11-02', 'Online', 'Paid'),
(443, 243, 5000.00, '2025-10-27', 'Cash', 'Paid'),
(444, 244, 25500.00, '2025-11-07', 'Card', 'Paid'),
(445, 245, 13500.00, '2025-11-01', 'Online', 'Paid'),
(446, 246, 7500.00, '2025-11-05', 'Card', 'Paid'),
(447, 247, 5000.00, '2025-10-26', 'Cash', 'Paid'),
(448, 248, 7500.00, '2025-11-03', 'Online', 'Paid'),
(449, 249, 7500.00, '2025-11-04', 'Card', 'Paid'),
(450, 250, 5000.00, '2025-11-06', 'Cash', 'Paid'),
(451, 251, 25500.00, '2025-10-23', 'Online', 'Paid'),
(452, 252, 25500.00, '2025-11-02', 'Card', 'Paid'),
(453, 253, 25500.00, '2025-11-07', 'Online', 'Paid'),
(454, 254, 7500.00, '2025-10-31', 'Card', 'Paid'),
(455, 255, 13500.00, '2025-11-04', 'Online', 'Paid'),
(456, 256, 25500.00, '2025-11-08', 'Card', 'Paid'),
(457, 257, 5000.00, '2025-10-24', 'Cash', 'Paid'),
(458, 258, 7500.00, '2025-11-06', 'Online', 'Paid'),
(459, 259, 13500.00, '2025-11-01', 'Card', 'Paid'),
(460, 260, 7500.00, '2025-11-03', 'Cash', 'Paid'),
(461, 261, 13500.00, '2025-10-28', 'Online', 'Paid'),
(462, 262, 25500.00, '2025-11-02', 'Card', 'Paid'),
(463, 263, 5000.00, '2025-10-26', 'Cash', 'Paid'),
(464, 264, 25500.00, '2025-11-07', 'Online', 'Paid'),
(465, 265, 13500.00, '2025-11-01', 'Card', 'Paid'),
(466, 266, 7500.00, '2025-11-05', 'Online', 'Paid'),
(467, 267, 5000.00, '2025-10-25', 'Cash', 'Paid'),
(468, 268, 7500.00, '2025-11-03', 'Card', 'Paid'),
(469, 269, 13500.00, '2025-11-04', 'Online', 'Paid'),
(470, 270, 5000.00, '2025-11-06', 'Cash', 'Paid'),
(471, 271, 5000.00, '2025-10-22', 'Card', 'Paid'),
(472, 272, 25500.00, '2025-11-02', 'Online', 'Paid'),
(473, 273, 7500.00, '2025-11-07', 'Card', 'Paid'),
(474, 274, 7500.00, '2025-10-30', 'Online', 'Paid'),
(475, 275, 13500.00, '2025-11-04', 'Card', 'Paid'),
(476, 276, 25500.00, '2025-11-08', 'Online', 'Paid'),
(477, 277, 5000.00, '2025-10-23', 'Cash', 'Paid'),
(478, 278, 7500.00, '2025-11-06', 'Card', 'Paid'),
(479, 279, 13500.00, '2025-11-01', 'Online', 'Paid'),
(480, 280, 7500.00, '2025-11-03', 'Cash', 'Paid'),
(481, 281, 13500.00, '2025-10-27', 'Card', 'Paid'),
(482, 282, 25500.00, '2025-11-02', 'Online', 'Paid'),
(483, 283, 5000.00, '2025-10-25', 'Cash', 'Paid'),
(484, 284, 25500.00, '2025-11-07', 'Card', 'Paid'),
(485, 285, 13500.00, '2025-11-01', 'Online', 'Paid'),
(486, 286, 7500.00, '2025-11-05', 'Card', 'Paid'),
(487, 287, 5000.00, '2025-10-24', 'Cash', 'Paid'),
(488, 288, 7500.00, '2025-11-03', 'Online', 'Paid'),
(489, 289, 13500.00, '2025-11-04', 'Card', 'Paid'),
(490, 290, 5000.00, '2025-11-06', 'Cash', 'Paid'),
(491, 291, 5000.00, '2025-10-21', 'Online', 'Paid'),
(492, 292, 25500.00, '2025-11-02', 'Card', 'Paid'),
(493, 293, 25500.00, '2025-11-07', 'Online', 'Paid'),
(494, 294, 7500.00, '2025-10-29', 'Card', 'Paid'),
(495, 295, 13500.00, '2025-11-04', 'Online', 'Paid'),
(496, 296, 25500.00, '2025-11-08', 'Card', 'Paid'),
(497, 297, 5000.00, '2025-10-22', 'Cash', 'Paid'),
(498, 298, 7500.00, '2025-11-06', 'Online', 'Paid'),
(499, 299, 13500.00, '2025-11-01', 'Card', 'Paid'),
(500, 300, 7500.00, '2025-11-03', 'Cash', 'Paid');

-- Insert values on Staff table
INSERT INTO Staff (staff_id, name, role, phone, salary) VALUES
(3001, 'Amit Kumar', 'Manager', '+919876543301', 85000.00),
(3002, 'Priya Sharma', 'Manager', '+919876543302', 82000.00),
(3003, 'Rohan Singh', 'Reception', '+919876543303', 35000.00),
(3004, 'Neha Gupta', 'Reception', '+919876543304', 34000.00),
(3005, 'Vikram Patel', 'Reception', '+919876543305', 33000.00),
(3006, 'Sneha Reddy', 'Reception', '+919876543306', 32000.00),
(3007, 'Arjun Mehta', 'Cleaner', '+919876543307', 18000.00),
(3008, 'Kavya Iyer', 'Cleaner', '+919876543308', 17500.00),
(3009, 'Rahul Verma', 'Cleaner', '+919876543309', 17000.00),
(3010, 'Anjali Nair', 'Cleaner', '+919876543310', 17000.00),
(3011, 'Suresh Yadav', 'Cleaner', '+919876543311', 16500.00),
(3012, 'Pooja Joshi', 'Cleaner', '+919876543312', 16500.00),
(3013, 'Manoj Desai', 'Cleaner', '+919876543313', 16000.00),
(3014, 'Ritu Malhotra', 'Cleaner', '+919876543314', 16000.00),
(3015, 'Karan Chopra', 'Reception', '+919876543315', 33000.00),
(3016, 'Tanya Mishra', 'Reception', '+919876543316', 32000.00),
(3017, 'Deepak Pandey', 'Manager', '+919876543317', 80000.00),
(3018, 'Sunita Saxena', 'Reception', '+919876543318', 34000.00),
(3019, 'Rajesh Thakur', 'Cleaner', '+919876543319', 17500.00),
(3020, 'Meera Bose', 'Cleaner', '+919876543320', 17000.00),
(3021, 'Nikhil Rao', 'Reception', '+919876543321', 33000.00),
(3022, 'Shalini Shetty', 'Reception', '+919876543322', 32500.00),
(3023, 'Vivek Menon', 'Cleaner', '+919876543323', 16500.00),
(3024, 'Lakshmi Nambiar', 'Cleaner', '+919876543324', 16000.00),
(3025, 'Siddharth Pillai', 'Reception', '+919876543325', 33500.00),
(3026, 'Divya Varma', 'Manager', '+919876543326', 81000.00),
(3027, 'Anand Chaudhary', 'Cleaner', '+919876543327', 17000.00),
(3028, 'Rina Kapoor', 'Reception', '+919876543328', 33000.00),
(3029, 'Gaurav Bhatia', 'Cleaner', '+919876543329', 16500.00),
(3030, 'Swati Desai', 'Reception', '+919876543330', 32000.00),
(3031, 'Prakash Shah', 'Cleaner', '+919876543331', 16000.00),
(3032, 'Komal Trivedi', 'Cleaner', '+919876543332', 16000.00),
(3033, 'Alok Jain', 'Reception', '+919876543333', 34000.00),
(3034, 'Bhavna Sinha', 'Reception', '+919876543334', 33000.00),
(3035, 'Tarun Das', 'Cleaner', '+919876543335', 17500.00),
(3036, 'Riya Roy', 'Cleaner', '+919876543336', 17000.00),
(3037, 'Sameer Ghosh', 'Reception', '+919876543337', 32500.00),
(3038, 'Pallavi Banerjee', 'Reception', '+919876543338', 32000.00),
(3039, 'Aditya Mukherjee', 'Cleaner', '+919876543339', 16500.00),
(3040, 'Ishita Rao', 'Cleaner', '+919876543340', 16000.00),
(3041, 'Ramesh Kumar', 'Manager', '+919876543341', 83000.00),
(3042, 'Sonia Patel', 'Reception', '+919876543342', 33500.00),
(3043, 'Naveen Singh', 'Cleaner', '+919876543343', 17000.00),
(3044, 'Madhuri Gupta', 'Cleaner', '+919876543344', 16500.00),
(3045, 'Vijay Verma', 'Reception', '+919876543345', 33000.00),
(3046, 'Geeta Mehta', 'Reception', '+919876543346', 32500.00),
(3047, 'Harish Reddy', 'Cleaner', '+919876543347', 16000.00),
(3048, 'Lata Iyer', 'Cleaner', '+919876543348', 16000.00),
(3049, 'Mukesh Joshi', 'Reception', '+919876543349', 34000.00),
(3050, 'Rekha Nair', 'Reception', '+919876543350', 33000.00),
(3051, 'Ajay Yadav', 'Cleaner', '+919876543351', 17500.00),
(3052, 'Shweta Pandey', 'Cleaner', '+919876543352', 17000.00),
(3053, 'Kishore Saxena', 'Reception', '+919876543353', 32000.00),
(3054, 'Uma Thakur', 'Reception', '+919876543354', 31500.00),
(3055, 'Lokesh Bose', 'Cleaner', '+919876543355', 16500.00),
(3056, 'Nidhi Rao', 'Cleaner', '+919876543356', 16000.00),
(3057, 'Praveen Shetty', 'Reception', '+919876543357', 33500.00),
(3058, 'Anita Menon', 'Reception', '+919876543358', 33000.00),
(3059, 'Sanjay Nambiar', 'Cleaner', '+919876543359', 17000.00),
(3060, 'Kiran Pillai', 'Cleaner', '+919876543360', 16500.00),
(3061, 'Ravi Varma', 'Manager', '+919876543361', 82000.00),
(3062, 'Leela Chaudhary', 'Reception', '+919876543362', 32500.00),
(3063, 'Dinesh Kapoor', 'Cleaner', '+919876543363', 16000.00),
(3064, 'Sarita Bhatia', 'Cleaner', '+919876543364', 16000.00),
(3065, 'Mahesh Desai', 'Reception', '+919876543365', 34000.00),
(3066, 'Jaya Shah', 'Reception', '+919876543366', 33000.00),
(3067, 'Rakesh Trivedi', 'Cleaner', '+919876543367', 17500.00),
(3068, 'Veena Jain', 'Cleaner', '+919876543368', 17000.00),
(3069, 'Yogesh Sinha', 'Reception', '+919876543369', 32000.00),
(3070, 'Preeti Das', 'Reception', '+919876543370', 31500.00),
(3071, 'Ashok Roy', 'Cleaner', '+919876543371', 16500.00),
(3072, 'Manisha Ghosh', 'Cleaner', '+919876543372', 16000.00),
(3073, 'Vinod Banerjee', 'Reception', '+919876543373', 33500.00),
(3074, 'Sangeeta Mukherjee', 'Reception', '+919876543374', 33000.00),
(3075, 'Brijesh Rao', 'Cleaner', '+919876543375', 17000.00),
(3076, 'Chitra Shetty', 'Cleaner', '+919876543376', 16500.00),
(3077, 'Gopal Menon', 'Reception', '+919876543377', 32500.00),
(3078, 'Radha Nambiar', 'Reception', '+919876543378', 32000.00),
(3079, 'Naresh Pillai', 'Cleaner', '+919876543379', 16000.00),
(3080, 'Seema Varma', 'Cleaner', '+919876543380', 16000.00),
(3081, 'Omkar Chaudhary', 'Manager', '+919876543381', 81000.00),
(3082, 'Tara Kapoor', 'Reception', '+919876543382', 34000.00),
(3083, 'Umesh Bhatia', 'Cleaner', '+919876543383', 17500.00),
(3084, 'Vandana Desai', 'Cleaner', '+919876543384', 17000.00),
(3085, 'Waman Shah', 'Reception', '+919876543385', 33000.00),
(3086, 'Xena Trivedi', 'Reception', '+919876543386', 32500.00),
(3087, 'Yash Jain', 'Cleaner', '+919876543387', 16500.00),
(3088, 'Zara Sinha', 'Cleaner', '+919876543388', 16000.00),
(3089, 'Aryan Das', 'Reception', '+919876543389', 33500.00),
(3090, 'Bina Roy', 'Reception', '+919876543390', 33000.00),
(3091, 'Chetan Ghosh', 'Cleaner', '+919876543391', 17000.00),
(3092, 'Diya Banerjee', 'Cleaner', '+919876543392', 16500.00),
(3093, 'Esha Mukherjee', 'Reception', '+919876543393', 32000.00),
(3094, 'Falguni Rao', 'Reception', '+919876543394', 31500.00),
(3095, 'Gagan Shetty', 'Cleaner', '+919876543395', 16000.00),
(3096, 'Hema Menon', 'Cleaner', '+919876543396', 16000.00),
(3097, 'Inder Nambiar', 'Reception', '+919876543397', 34000.00),
(3098, 'Jaya Pillai', 'Reception', '+919876543398', 33000.00),
(3099, 'Kamal Varma', 'Cleaner', '+919876543399', 17500.00),
(3100, 'Lata Chaudhary', 'Manager', '+919876543400', 80000.00);