INSERT INTO Customers (customer_id, first_name, last_name, email, phone, date_of_birth, address) VALUES
(1001, 'Rahul', 'Verma', 'rahul.verma@example.com', '9876543210', '1990-04-12', 'Mumbai, Maharashtra'),
(1002, 'Sneha', 'Patel', 'sneha.patel@example.com', '9123456780', '1988-11-23', 'Ahmedabad, Gujarat'),
(1003, 'Amit', 'Sharma', 'amit.sharma@example.com', '9988776655', '1995-07-09', 'Delhi'),
(1004, 'Priya', 'Nair', 'priya.nair@example.com', '9001122334', '1992-01-19', 'Bangalore, Karnataka'),
(1005, 'Karan', 'Singh', 'karan.singh@example.com', '9877001122', '1985-05-28', 'Chandigarh'),
(1006, 'Meera', 'Joshi', 'meera.joshi@example.com', '9765432188', '1993-09-14', 'Pune, Maharashtra'),
(1007, 'Vikram', 'Gupta', 'vikram.gupta@example.com', '8811223344', '1989-12-05', 'Jaipur, Rajasthan'),
(1008, 'Anita', 'Kapoor', 'anita.kapoor@example.com', '9090909090', '1996-02-21', 'Hyderabad, Telangana'),
(1009, 'Rohan', 'Bose', 'rohan.bose@example.com', '9900887766', '1991-08-30', 'Kolkata, West Bengal'),
(1010, 'Divya', 'Saxena', 'divya.saxena@example.com', '9500112233', '1997-03-17', 'Lucknow, Uttar Pradesh'),
(1011, 'Harshit', 'Rao', 'harshit.rao@example.com', '9811122233', '1987-10-12', 'Indore, Madhya Pradesh'),
(1012, 'Nikita', 'Mehta', 'nikita.mehta@example.com', '9120034500', '1994-06-18', 'Surat, Gujarat'),
(1013, 'Saurabh', 'Kulkarni', 'saurabh.k@example.com', '9760011223', '1990-02-05', 'Nagpur, Maharashtra'),
(1014, 'Farhan', 'Qureshi', 'farhan.q@example.com', '9900990011', '1989-09-29', 'Bhopal, Madhya Pradesh'),
(1015, 'Pooja', 'Reddy', 'pooja.reddy@example.com', '9700223344', '1996-03-20', 'Hyderabad, Telangana'),
(1016, 'Ritika', 'Bhatt', 'ritika.b@example.com', '8877665533', '1998-12-10', 'Dehradun, Uttarakhand'),
(1017, 'Yash', 'Desai', 'yash.desai@example.com', '9322551199', '1993-07-14', 'Vadodara, Gujarat'),
(1018, 'Arjun', 'Shetty', 'arjun.s@example.com', '9099554433', '1992-11-02', 'Mangalore, Karnataka'),
(1019, 'Mahima', 'Garg', 'mahima.g@example.com', '9812349088', '1995-01-26', 'New Delhi'),
(1020, 'Tanish', 'Malhotra', 'tanish.m@example.com', '9870011223', '1986-04-09', 'Gurgaon, Haryana');


INSERT INTO Loans (loan_id, customer_id, loan_type, principal_amount, interest_rate, issue_date, maturity_date, status) VALUES
(20001, 1001, 'Personal Loan', 250000.00, 11.5, '2023-01-10', '2026-01-10', 'Active'),
(20002, 1002, 'Home Loan', 3000000.00, 8.2, '2021-06-05', '2031-06-05', 'Active'),
(20003, 1003, 'Car Loan', 750000.00, 9.5, '2022-11-20', '2027-11-20', 'Closed'),
(20004, 1004, 'Education Loan', 1200000.00, 10.1, '2020-08-15', '2025-08-15', 'Active'),
(20005, 1005, 'Business Loan', 2000000.00, 12.0, '2019-03-01', '2024-03-01', 'Defaulted'),
(20006, 1006, 'Personal Loan', 350000.00, 11.0, '2024-02-10', '2027-02-10', 'Active'),
(20007, 1007, 'Car Loan', 900000.00, 9.3, '2021-12-01', '2026-12-01', 'Closed'),
(20008, 1008, 'Business Loan', 1500000.00, 13.5, '2022-04-25', '2027-04-25', 'Active'),
(20009, 1009, 'Personal Loan', 500000.00, 10.8, '2023-05-30', '2026-05-30', 'Active'),
(20010, 1010, 'Home Loan', 2800000.00, 8.1, '2020-01-12', '2030-01-12', 'Active'),
(20011, 1011, 'Personal Loan', 180000.00, 12.2, '2023-08-10', '2026-08-10', 'Active'),
(20012, 1012, 'Home Loan', 3200000.00, 8.0, '2020-04-18', '2030-04-18', 'Active'),
(20013, 1013, 'Car Loan', 650000.00, 9.7, '2022-03-15', '2027-03-15', 'Active'),
(20014, 1014, 'Education Loan', 1000000.00, 10.5, '2019-06-20', '2024-06-20', 'Closed'),
(20015, 1015, 'Business Loan', 1700000.00, 14.0, '2021-01-10', '2026-01-10', 'Active'),
(20016, 1016, 'Personal Loan', 220000.00, 11.8, '2023-12-05', '2026-12-05', 'Active'),
(20017, 1017, 'Home Loan', 2600000.00, 8.3, '2018-11-11', '2028-11-11', 'Defaulted'),
(20018, 1018, 'Car Loan', 850000.00, 9.2, '2021-09-30', '2026-09-30', 'Active'),
(20019, 1019, 'Personal Loan', 420000.00, 10.9, '2024-02-17', '2027-02-17', 'Active'),
(20020, 1020, 'Business Loan', 2400000.00, 13.2, '2022-05-22', '2027-05-22', 'Active');


INSERT INTO EMI_Payments (payment_id, loan_id, payment_date, amount_paid, due_date, is_late) VALUES
(300001, 20001, '2023-02-10', 8500.00, '2023-02-10', 0),
(300002, 20001, '2023-03-10', 8500.00, '2023-03-10', 0),
(300003, 20001, '2023-04-12', 8500.00, '2023-04-10', 1),
(300004, 20002, '2023-01-05', 28000.00, '2023-01-05', 0),
(300005, 20002, '2023-02-05', 28000.00, '2023-02-05', 0),
(300006, 20003, '2022-12-20', 15000.00, '2022-12-20', 0),
(300007, 20003, '2023-01-20', 15000.00, '2023-01-20', 0),
(300008, 20004, '2021-01-15', 12000.00, '2021-01-15', 0),
(300009, 20004, '2021-02-15', 12000.00, '2021-02-15', 0),
(300010, 20005, '2020-04-01', 22000.00, '2020-03-28', 1),
(300011, 20005, '2020-05-05', 22000.00, '2020-04-28', 1),
(300012, 20011, '2023-09-10', 6000.00, '2023-09-10', 0),
(300013, 20011, '2023-10-10', 6000.00, '2023-10-10', 0),
(300014, 20011, '2023-11-15', 6000.00, '2023-11-10', 1),
(300015, 20012, '2023-01-18', 30000.00, '2023-01-18', 0),
(300016, 20012, '2023-02-18', 30000.00, '2023-02-18', 0),
(300017, 20013, '2023-04-15', 14000.00, '2023-04-15', 0),
(300018, 20013, '2023-05-15', 14000.00, '2023-05-15', 0),
(300019, 20014, '2020-07-20', 11000.00, '2020-07-20', 0),
(300020, 20014, '2020-08-20', 11000.00, '2020-08-20', 0),
(300021, 20015, '2021-02-10', 25000.00, '2021-02-10', 0),
(300022, 20015, '2021-03-10', 25000.00, '2021-03-10', 0),
(300023, 20016, '2024-01-05', 7200.00, '2024-01-05', 0),
(300024, 20016, '2024-02-05', 7200.00, '2024-02-05', 0),
(300025, 20017, '2019-12-11', 23000.00, '2019-12-11', 0),
(300026, 20017, '2020-01-11', 23000.00, '2020-01-11', 0),
(300027, 20018, '2021-10-30', 16000.00, '2021-10-30', 0),
(300028, 20018, '2021-11-30', 16000.00, '2021-11-30', 0),
(300029, 20019, '2024-03-17', 8000.00, '2024-03-17', 0),
(300030, 20019, '2024-04-17', 8000.00, '2024-04-17', 0);


INSERT INTO Loan_Transactions (transaction_id, loan_id, transaction_date, transaction_type, amount, description) VALUES
(4000001, 20001, '2023-01-10', 'Disbursement', 250000.00, 'Loan credited to account'),
(4000002, 20001, '2023-02-10', 'EMI', 8500.00, 'Monthly EMI paid'),
(4000003, 20001, '2023-04-12', 'Penalty', 500.00, 'Late fee'),
(4000004, 20002, '2021-06-05', 'Disbursement', 3000000.00, 'Home loan credited'),
(4000005, 20002, '2023-01-05', 'EMI', 28000.00, 'EMI on time'),
(4000006, 20003, '2022-11-20', 'Disbursement', 750000.00, 'Car loan credited'),
(4000007, 20003, '2023-01-20', 'EMI', 15000.00, 'Final EMI before closure'),
(4000008, 20005, '2019-03-01', 'Disbursement', 2000000.00, 'Business loan issued'),
(4000009, 20005, '2020-05-05', 'Penalty', 800.00, 'Late charges applied'),
(4000010, 20008, '2022-04-25', 'Disbursement', 1500000.00, 'Business loan issued'),
(4000011, 20011, '2023-08-10', 'Disbursement', 180000.00, 'Loan issued'),
(4000012, 20011, '2023-11-15', 'Penalty', 400.00, 'Late EMI'),
(4000013, 20012, '2020-04-18', 'Disbursement', 3200000.00, 'Home loan credited'),
(4000014, 20012, '2023-02-18', 'EMI', 30000.00, 'Monthly EMI'),
(4000015, 20013, '2022-03-15', 'Disbursement', 650000.00, 'Car loan credited'),
(4000016, 20013, '2023-05-15', 'EMI', 14000.00, 'EMI payment'),
(4000017, 20014, '2019-06-20', 'Disbursement', 1000000.00, 'Education loan issued'),
(4000018, 20014, '2020-08-20', 'EMI', 11000.00, 'On-time EMI'),
(4000019, 20015, '2021-01-10', 'Disbursement', 1700000.00, 'Business loan funded'),
(4000020, 20015, '2021-03-10', 'Penalty', 600.00, 'Late fee'),
(4000021, 20017, '2018-11-11', 'Disbursement', 2600000.00, 'Home loan credited'),
(4000022, 20017, '2020-01-11', 'Penalty', 900.00, 'Default charges'),
(4000023, 20018, '2021-09-30', 'Disbursement', 850000.00, 'Loan issued'),
(4000024, 20018, '2021-11-30', 'EMI', 16000.00, 'EMI paid'),
(4000025, 20020, '2022-05-22', 'Disbursement', 2400000.00, 'Business loan disbursed');


INSERT INTO Credit_Score_History (record_id, customer_id, score, score_date) VALUES
(50001, 1001, 720, '2023-01-01'),
(50002, 1001, 735, '2024-01-01'),
(50003, 1002, 690, '2023-01-01'),
(50004, 1002, 710, '2024-01-01'),
(50005, 1003, 650, '2022-12-01'),
(50006, 1003, 680, '2023-12-01'),
(50007, 1005, 580, '2023-05-01'),
(50008, 1005, 560, '2024-05-01'),
(50009, 1008, 700, '2023-03-01'),
(50010, 1008, 725, '2024-03-01'),
(50011, 1011, 705, '2023-08-01'),
(50012, 1011, 720, '2024-08-01'),
(50013, 1012, 680, '2023-04-01'),
(50014, 1012, 695, '2024-04-01'),
(50015, 1013, 640, '2022-03-01'),
(50016, 1013, 660, '2023-03-01'),
(50017, 1014, 700, '2019-06-01'),
(50018, 1014, 730, '2020-06-01'),
(50019, 1015, 660, '2022-01-01'),
(50020, 1015, 678, '2023-01-01'),
(50021, 1017, 590, '2019-12-01'),
(50022, 1017, 560, '2020-12-01'),
(50023, 1018, 710, '2022-09-01'),
(50024, 1018, 725, '2023-09-01'),
(50025, 1019, 690, '2024-01-01'),
(50026, 1020, 700, '2024-02-01');