INSERT INTO Cities (city_id, city_name, state_name, regin) VALUES
(101, 'Mumbai', 'Maharashtra', 'West'),
(102, 'Pune', 'Maharashtra', 'West'),
(103, 'Delhi', 'Delhi', 'North'),
(104, 'Noida', 'Uttar Pradesh', 'North'),
(105, 'Bengaluru', 'Karnataka', 'South'),
(106, 'Hyderabad', 'Telangana', 'South'),
(107, 'Chennai', 'Tamil Nadu', 'South'),
(108, 'Ahmedabad', 'Gujarat', 'West'),
(109, 'Kolkata', 'West Bengal', 'East'),
(110, 'Jaipur', 'Rajasthan', 'North'),
(111, 'Surat', 'Gujarat', 'West'),
(112, 'Lucknow', 'Uttar Pradesh', 'North'),
(113, 'Indore', 'Madhya Pradesh', 'Central'),
(114, 'Nagpur', 'Maharashtra', 'West'),
(115, 'Patna', 'Bihar', 'East'),
(116, 'Bhopal', 'Madhya Pradesh', 'Central'),
(117, 'Thane', 'Maharashtra', 'West'),
(118, 'Vadodara', 'Gujarat', 'West'),
(119, 'Rajkot', 'Gujarat', 'West'),
(120, 'Coimbatore', 'Tamil Nadu', 'South');


INSERT INTO Properties (property_id, property_name, property_type, address, city, state, rent_amount, maintenance_cost, status) VALUES
(201, 'Skyline Residency', 'Apartment', 'Road 12, Andheri West', 'Mumbai', 'Maharashtra', 35000, 2500, 'Occupied'),
(202, 'Green Valley Homes', 'Villa', 'Sector 33, Noida', 'Noida', 'Uttar Pradesh', 45000, 3000, 'Vacant'),
(203, 'Sunshine Towers', 'Apartment', 'MG Road', 'Pune', 'Maharashtra', 30000, 2000, 'Occupied'),
(204, 'Lakeview Residency', 'Apartment', 'Koramangala 4th Block', 'Bengaluru', 'Karnataka', 40000, 2800, 'Occupied'),
(205, 'Elite Heights', 'Penthouse', 'Banjara Hills', 'Hyderabad', 'Telangana', 60000, 3500, 'Vacant'),
(206, 'Urban Nest', 'Studio', 'Indiranagar', 'Bengaluru', 'Karnataka', 22000, 1500, 'Occupied'),
(207, 'Royal Greens', 'Villa', 'Anna Nagar', 'Chennai', 'Tamil Nadu', 38000, 2600, 'Occupied'),
(208, 'Crystal Residency', 'Apartment', 'Park Street', 'Kolkata', 'West Bengal', 25000, 1800, 'Vacant'),
(209, 'City Center Flats', 'Apartment', 'SG Highway', 'Ahmedabad', 'Gujarat', 27000, 2000, 'Occupied'),
(210, 'Pink City Homes', 'Apartment', 'C-Scheme', 'Jaipur', 'Rajasthan', 23000, 1700, 'Vacant'),
(211, 'Riverfront Residency', 'Apartment', 'Ring Road', 'Surat', 'Gujarat', 24000, 1600, 'Occupied'),
(212, 'Parkside Homes', 'Villa', 'Aliganj', 'Lucknow', 'Uttar Pradesh', 30000, 2100, 'Vacant'),
(213, 'Maple Heights', 'Apartment', 'Vijay Nagar', 'Indore', 'Madhya Pradesh', 26000, 1800, 'Occupied'),
(214, 'Orange City Towers', 'Apartment', 'Civil Lines', 'Nagpur', 'Maharashtra', 28000, 1900, 'Occupied'),
(215, 'Ganga View Apartments', 'Apartment', 'Fraser Road', 'Patna', 'Bihar', 22000, 1500, 'Vacant'),
(216, 'City Crown', 'Studio', 'MP Nagar', 'Bhopal', 'Madhya Pradesh', 18000, 1300, 'Occupied'),
(217, 'Thane Skyline', 'Apartment', 'Ghodbunder Road', 'Thane', 'Maharashtra', 32000, 2500, 'Vacant'),
(218, 'Vadodara Palace Homes', 'Villa', 'Fatehganj', 'Vadodara', 'Gujarat', 35000, 2600, 'Occupied'),
(219, 'Royal Residency', 'Penthouse', 'Yagnik Road', 'Rajkot', 'Gujarat', 38000, 3000, 'Vacant'),
(220, 'Coimbatore Greens', 'Apartment', 'Avinashi Road', 'Coimbatore', 'Tamil Nadu', 21000, 1500, 'Occupied'),
(221, 'Diamond Residency', 'Apartment', 'Varachha', 'Surat', 'Gujarat', 20000, 1400, 'Vacant'),
(222, 'Sunrise Enclave', 'Villa', 'Hazratganj', 'Lucknow', 'Uttar Pradesh', 42000, 3400, 'Occupied'),
(223, 'Pearl Homes', 'Apartment', 'Old Palasia', 'Indore', 'Madhya Pradesh', 24000, 1700, 'Vacant'),
(224, 'Orange Elite Apartments', 'Apartment', 'Dharampeth', 'Nagpur', 'Maharashtra', 29000, 2000, 'Occupied'),
(225, 'Patna Elite Towers', 'Apartment', 'Kankarbagh', 'Patna', 'Bihar', 23000, 1600, 'Occupied');


INSERT INTO Tenants (tenant_id, full_name, phone, email, occupation, move_in_date, move_out_date) VALUES
(301, 'Rohit Mehra', '9876543210', 'rohit.m@example.com', 'Software Engineer', '2023-01-10', NULL),
(302, 'Aisha Khan', '9988776655', 'aisha.k@example.com', 'Teacher', '2023-03-12', NULL),
(303, 'Vikram Sethi', '9090909090', 'vikram.s@example.com', 'Doctor', '2022-11-01', '2024-02-01'),
(304, 'Priya Sharma', '9123456789', 'priya.s@example.com', 'Designer', '2023-05-05', NULL),
(305, 'Arjun Patel', '9812345678', 'arjun.p@example.com', 'Accountant', '2023-02-20', NULL),
(306, 'Sneha Joshi', '9000011111', 'sneha.j@example.com', 'Data Analyst', '2023-06-18', NULL),
(307, 'Rahul Verma', '9887766554', 'rahul.v@example.com', 'Architect', '2022-09-22', '2024-03-01'),
(308, 'Neha Gupta', '9876501234', 'neha.g@example.com', 'Consultant', '2023-07-01', NULL),
(309, 'Karan Singh', '7766554433', 'karan.s@example.com', 'Entrepreneur', '2023-04-10', NULL),
(310, 'Divya Nair', '8899776655', 'divya.n@example.com', 'Marketing Manager', '2022-12-05', NULL),
(311, 'Harsh Malhotra', '9911223344', 'harsh.m@example.com', 'Lawyer', '2023-08-10', NULL),
(312, 'Simran Arora', '8811776655', 'simran.a@example.com', 'Nurse', '2023-09-05', NULL),
(313, 'Aditya Kapoor', '9099112233', 'aditya.k@example.com', 'Chartered Accountant', '2022-10-15', '2024-01-10'),
(314, 'Kavita Nair', '8123456789', 'kavita.n@example.com', 'HR Manager', '2023-07-20', NULL),
(315, 'Siddharth Rao', '9988123344', 'sid.r@example.com', 'Sales Executive', '2023-03-08', NULL),
(316, 'Tanya Bansal', '9898989898', 'tanya.b@example.com', 'UX Designer', '2023-11-01', NULL),
(317, 'Mohit Jain', '9000022222', 'mohit.j@example.com', 'Trader', '2023-01-18', NULL),
(318, 'Sakshi Verma', '7788990011', 'sakshi.v@example.com', 'Content Writer', '2023-06-02', NULL),
(319, 'Vivek Yadav', '9112233445', 'vivek.y@example.com', 'Civil Engineer', '2023-04-22', NULL),
(320, 'Ritu Sharma', '7555332211', 'ritu.s@example.com', 'Data Scientist', '2023-12-01', NULL),
(321, 'Kabir Sinha', '8999771122', 'kabir.s@example.com', 'Startup Founder', '2022-09-01', NULL),
(322, 'Pallavi Bhatt', '7333445566', 'pallavi.b@example.com', 'Doctor', '2023-10-10', NULL),
(323, 'Yogesh Patel', '9445566711', 'yogesh.p@example.com', 'Retail Manager', '2023-05-11', NULL),
(324, 'Shreya Kapoor', '9556677889', 'shreya.k@example.com', 'Auditor', '2023-02-14', NULL),
(325, 'Rohan Das', '9667788990', 'rohan.d@example.com', 'Teacher', '2023-08-02', NULL);


INSERT INTO Leases (lease_id, property_id, tenant_id, lease_start, lease_end, monthly_rent, security_deposit, lease_status) VALUES
(401, 201, 301, '2023-01-10', '2024-01-10', 35000, 70000, 'Active'),
(402, 203, 302, '2023-03-12', '2024-03-12', 30000, 60000, 'Active'),
(403, 204, 304, '2023-05-05', '2024-05-05', 40000, 80000, 'Active'),
(404, 206, 306, '2023-06-18', '2024-06-18', 22000, 45000, 'Active'),
(405, 207, 305, '2023-02-20', '2024-02-20', 38000, 75000, 'Expired'),
(406, 209, 309, '2023-04-10', '2024-04-10', 27000, 54000, 'Active'),
(407, 208, 303, '2022-11-01', '2023-11-01', 25000, 50000, 'Closed'),
(408, 201, 310, '2022-12-05', '2023-12-05', 35000, 70000, 'Closed'),
(409, 204, 308, '2023-07-01', '2024-07-01', 40000, 80000, 'Active'),
(410, 207, 307, '2022-09-22', '2023-09-22', 38000, 80000, 'Closed'),
(411, 211, 311, '2023-08-10', '2024-08-10', 24000, 50000, 'Active'),
(412, 212, 312, '2023-09-05', '2024-09-05', 30000, 60000, 'Active'),
(413, 213, 314, '2023-07-20', '2024-07-20', 26000, 52000, 'Active'),
(414, 214, 315, '2023-03-08', '2024-03-08', 28000, 56000, 'Expired'),
(415, 216, 316, '2023-11-01', '2024-11-01', 18000, 36000, 'Active'),
(416, 217, 317, '2023-01-18', '2024-01-18', 32000, 64000, 'Expired'),
(417, 218, 318, '2023-06-02', '2024-06-02', 35000, 70000, 'Active'),
(418, 219, 319, '2023-04-22', '2024-04-22', 38000, 75000, 'Active'),
(419, 220, 320, '2023-12-01', '2024-12-01', 21000, 42000, 'Active'),
(420, 222, 321, '2022-09-01', '2023-09-01', 42000, 84000, 'Closed'),
(421, 223, 322, '2023-10-10', '2024-10-10', 24000, 48000, 'Active'),
(422, 224, 323, '2023-05-11', '2024-05-11', 29000, 58000, 'Active'),
(423, 225, 324, '2023-02-14', '2024-02-14', 23000, 46000, 'Expired'),
(424, 211, 325, '2023-08-02', '2024-08-02', 24000, 50000, 'Active'),
(425, 213, 312, '2023-09-05', '2024-09-05', 26000, 52000, 'Active');


INSERT INTO PropertyVisits (visit_id, property_id, visitor_name, visit_date, feedback, interest_level) VALUES
(501, 202, 'Ankit Sharma', '2024-01-05', 'Good location, slightly high rent.', 'Medium'),
(502, 205, 'Meera Jain', '2024-01-10', 'Loved the view.', 'High'),
(503, 210, 'Sanjay Dutta', '2024-01-12', 'Needs renovation.', 'Low'),
(504, 208, 'Pooja Rani', '2024-01-15', 'Nice locality.', 'Medium'),
(505, 202, 'Suresh Kumar', '2024-02-20', 'Spacious and clean.', 'High'),
(506, 205, 'Ritika Verma', '2024-02-25', 'Too expensive.', 'Low'),
(507, 210, 'Akash Singh', '2024-03-01', 'Good for family.', 'High'),
(508, 208, 'Aman Yadav', '2024-03-05', 'Average property.', 'Medium'),
(509, 205, 'Priya Saxena', '2024-03-10', 'Liked the interior.', 'High'),
(510, 202, 'Nikhil Das', '2024-03-12', 'Rent negotiation possible?', 'Medium'),
(511, 211, 'Deepak Rana', '2024-03-15', 'Nice society.', 'High'),
(512, 212, 'Farhan Ali', '2024-03-18', 'Too costly.', 'Low'),
(513, 213, 'Harleen Kaur', '2024-03-20', 'Good layout.', 'Medium'),
(514, 214, 'Nidhi Singh', '2024-03-22', 'Loved the interiors.', 'High'),
(515, 215, 'Paresh Joshi', '2024-03-25', 'Needs renovation.', 'Low'),
(516, 216, 'Krishna Rao', '2024-03-28', 'Affordable.', 'High'),
(517, 217, 'Anita Roy', '2024-03-30', 'Too far from main city.', 'Low'),
(518, 218, 'Sagar Mehta', '2024-04-01', 'Very spacious.', 'High'),
(519, 219, 'Rohit Bansal', '2024-04-03', 'Not worth the price.', 'Low'),
(520, 220, 'Kajal Verma', '2024-04-05', 'Good environment.', 'Medium'),
(521, 222, 'Akhil Jain', '2024-04-06', 'Premium villa.', 'High'),
(522, 223, 'Reena Shah', '2024-04-07', 'Average property.', 'Medium'),
(523, 224, 'Govind Das', '2024-04-08', 'Good location.', 'High'),
(524, 225, 'Pooja Shah', '2024-04-09', 'Interior looks old.', 'Low'),
(525, 217, 'Tushar Modi', '2024-04-10', 'Nice building.', 'Medium');


INSERT INTO Payments (payment_id, lease_id, payment_date, amount_paid, payment_status) VALUES
(601, 401, '2023-02-10', '2023-02-10', 'Paid'),
(602, 401, '2023-03-10', '2023-03-10', 'Paid'),
(603, 402, '2023-04-01', '2023-04-01', 'Paid'),
(604, 403, '2023-05-10', '2023-05-10', 'Paid'),
(605, 404, '2023-07-01', '2023-07-01', 'Paid'),
(606, 406, '2023-04-15', '2023-04-15', 'Paid'),
(607, 402, '2023-05-12', '2023-05-12', 'Paid'),
(608, 409, '2023-08-05', '2023-08-05', 'Paid'),
(609, 404, '2023-09-01', '2023-09-01', 'Paid'),
(610, 401, '2023-04-10', '2023-04-10', 'Pending'),
(611, 411, '2023-09-10', '2023-09-10', 'Paid'),
(612, 412, '2023-10-05', '2023-10-05', 'Paid'),
(613, 413, '2023-11-10', '2023-11-10', 'Paid'),
(614, 414, '2023-12-08', '2023-12-08', 'Pending'),
(615, 415, '2023-12-15', '2023-12-15', 'Paid'),
(616, 416, '2023-12-20', '2023-12-20', 'Paid'),
(617, 417, '2023-12-25', '2023-12-25', 'Paid'),
(618, 418, '2024-01-05', '2024-01-05', 'Paid'),
(619, 419, '2024-01-12', '2024-01-12', 'Pending'),
(620, 420, '2023-08-01', '2023-08-01', 'Paid'),
(621, 421, '2023-10-15', '2023-10-15', 'Paid'),
(622, 422, '2023-11-18', '2023-11-18', 'Paid'),
(623, 423, '2023-02-14', '2023-02-14', 'Paid'),
(624, 424, '2023-08-10', '2023-08-10', 'Paid'),
(625, 425, '2023-09-20', '2023-09-20', 'Paid');


INSERT INTO MaintenanceRequests (request_id, property_id, request_date, issue_description, assigned_to, cost, status) VALUES
(701, 201, '2023-08-10', 'Water leakage in bathroom', 'Ramesh', 1200, 'Resolved'),
(702, 203, '2023-09-12', 'AC not working', 'Sanjay', 1500, 'In Progress'),
(703, 204, '2023-10-01', 'Electrical wiring issue', 'Mahesh', 1800, 'Pending'),
(704, 206, '2023-11-15', 'Door lock broken', 'Raju', 800, 'Resolved'),
(705, 207, '2023-12-01', 'Painting required', 'Arvind', 3000, 'In Progress'),
(706, 209, '2023-12-10', 'Plumbing issue', 'Ramesh', 900, 'Pending'),
(707, 208, '2024-01-05', 'Kitchen tiles broken', 'Mahesh', 2500, 'Resolved'),
(708, 210, '2024-01-12', 'Window replacement needed', 'Raju', 2200, 'Pending'),
(709, 205, '2024-01-20', 'Geyser not working', 'Sanjay', 1600, 'In Progress'),
(710, 202, '2024-02-01', 'Termite problem', 'Arvind', 3500, 'Resolved'),
(711, 211, '2024-02-10', 'Water tank cleaning needed', 'Ramesh', 1200, 'Resolved'),
(712, 212, '2024-02-12', 'Power failure issue', 'Sanjay', 900, 'Pending'),
(713, 213, '2024-02-15', 'Lift malfunction', 'Mahesh', 2000, 'In Progress'),
(714, 214, '2024-02-17', 'Pest control required', 'Arvind', 1500, 'Resolved'),
(715, 215, '2024-02-20', 'Bathroom leakage', 'Raju', 1800, 'Pending'),
(716, 216, '2024-02-22', 'AC servicing', 'Sanjay', 1300, 'Resolved'),
(717, 217, '2024-02-25', 'Paint peeling', 'Mahesh', 2000, 'In Progress'),
(718, 218, '2024-02-28', 'Broken window', 'Raju', 1600, 'Resolved'),
(719, 219, '2024-03-01', 'Geyser replacement', 'Arvind', 2500, 'Pending'),
(720, 220, '2024-03-03', 'Door repair', 'Ramesh', 1100, 'Resolved'),
(721, 222, '2024-03-05', 'Garden cleaning', 'Arvind', 900, 'Resolved'),
(722, 223, '2024-03-07', 'Water pump issue', 'Sanjay', 1700, 'Pending'),
(723, 224, '2024-03-10', 'Roof leakage', 'Mahesh', 2500, 'In Progress'),
(724, 225, '2024-03-12', 'Plumbing blockage', 'Raju', 1200, 'Resolved'),
(725, 217, '2024-03-14', 'Window lock broken', 'Arvind', 800, 'Pending');