INSERT INTO Users (user_id, name, email, country, signup_date) VALUES
(1001, 'Vishal Sharma', 'vishal@example.com', 'India', '2023-01-10'),
(1002, 'Aarav Mehta', 'aaravm@example.com', 'India', '2023-02-14'),
(1003, 'Emily Clark', 'emilyc@example.com', 'USA', '2023-03-08'),
(1004, 'Jacob Wilson', 'jacobw@example.com', 'Canada', '2023-04-20'),
(1005, 'Sophia Turner', 'sophiat@example.com', 'UK', '2023-05-11'),
(1006, 'Lucas Brown', 'lucasb@example.com', 'Australia', '2023-06-01'),
(1007, 'Mia Rodriguez', 'miar@example.com', 'Spain', '2023-06-29'),
(1008, 'Noah Patel', 'noahp@example.com', 'USA', '2023-07-15'),
(1009, 'Olivia Khan', 'oliviak@example.com', 'UAE', '2023-08-03'),
(1010, 'Ethan Lee', 'ethanl@example.com', 'South Korea', '2023-08-20'),
(1011, 'Harshit Verma', 'harshitv@example.com', 'India', '2023-09-01'),
(1012, 'Priya Nair', 'priyan@example.com', 'India', '2023-09-05'),
(1013, 'Daniel Carter', 'danielc@example.com', 'USA', '2023-09-10'),
(1014, 'Hannah Lewis', 'hannahl@example.com', 'UK', '2023-09-14'),
(1015, 'Karan Malhotra', 'karanm@example.com', 'India', '2023-09-18'),
(1016, 'Sarah Green', 'sarahg@example.com', 'Canada', '2023-10-02'),
(1017, 'Jatin Agarwal', 'jatina@example.com', 'India', '2023-10-15'),
(1018, 'David Kim', 'davidk@example.com', 'South Korea', '2023-10-19'),
(1019, 'Isabella Rossi', 'isabellar@example.com', 'Italy', '2023-11-01'),
(1020, 'Leo Martinez', 'leom@example.com', 'Mexico', '2023-11-05'),
(1021, 'Sana Sheikh', 'sanas@example.com', 'UAE', '2023-11-18'),
(1022, 'Henry Adams', 'henrya@example.com', 'USA', '2023-11-21'),
(1023, 'Alicia White', 'aliciaw@example.com', 'Australia', '2023-11-28'),
(1024, 'Krishna Yadav', 'krishnay@example.com', 'India', '2023-12-01'),
(1025, 'Arun Raj', 'arunr@example.com', 'India', '2023-12-10');


INSERT INTO Artists (artist_id, artist_name, country, debut_year) VALUES
(2001, 'Arijit Singh', 'India', 2007),
(2002, 'Taylor Swift', 'USA', 2006),
(2003, 'Ed Sheeran', 'UK', 2011),
(2004, 'Imagine Dragons', 'USA', 2008),
(2005, 'The Weeknd', 'Canada', 2010),
(2006, 'Shreya Ghoshal', 'India', 2002),
(2007, 'BLACKPINK', 'South Korea', 2016),
(2008, 'Coldplay', 'UK', 2000),
(2009, 'BTS', 'South Korea', 2013),
(2010, 'Badshah', 'India', 2012),
(2011, 'Alan Walker', 'UK', 2015),
(2012, 'Diljit Dosanjh', 'India', 2004),
(2013, 'Doja Cat', 'USA', 2014),
(2014, 'Yo Yo Honey Singh', 'India', 2005),
(2015, 'Charlie Puth', 'USA', 2016),
(2016, 'Ariana Grande', 'USA', 2010),
(2017, 'Zayn Malik', 'UK', 2015);


INSERT INTO Albums (album_id, album_name, artist_id, release_year) VALUES
(3001, 'Tum Hi Ho Collection', 2001, 2014),
(3002, '1989', 2002, 2014),
(3003, 'Divide', 2003, 2017),
(3004, 'Night Visions', 2004, 2012),
(3005, 'After Hours', 2005, 2020),
(3006, 'Melodies', 2006, 2010),
(3007, 'The Album', 2007, 2020),
(3008, 'Parachutes', 2008, 2000),
(3009, 'Love Yourself: Tear', 2009, 2018),
(3010, 'ONE', 2010, 2018),
(3011, 'Different World', 2011, 2018),
(3012, 'G.O.A.T', 2012, 2020),
(3013, 'Planet Her', 2013, 2021),
(3014, 'Desi Kalakaar', 2014, 2014),
(3015, 'Voicenotes', 2015, 2018),
(3016, 'Positions', 2016, 2020),
(3017, 'Mind of Mine', 2017, 2016),
(3018, 'Collab Mix', 2003, 2020);


INSERT INTO Songs (song_id, song_title, artist_id, album_id, duration_seconds, genre, release_date) VALUES
(4001, 'Tum Hi Ho', 2001, 3001, 265, 'Romantic', '2014-01-10'),
(4002, 'Channa Mereya', 2001, 3001, 295, 'Romantic', '2014-05-20'),
(4003, 'Blank Space', 2002, 3002, 231, 'Pop', '2014-10-27'),
(4004, 'Style', 2002, 3002, 230, 'Pop', '2014-11-05'),
(4005, 'Shape of You', 2003, 3003, 240, 'Pop', '2017-01-06'),
(4006, 'Perfect', 2003, 3003, 263, 'Pop', '2017-03-10'),
(4007, 'Radioactive', 2004, 3004, 186, 'Rock', '2012-02-10'),
(4008, 'Blinding Lights', 2005, 3005, 200, 'Pop', '2020-02-15'),
(4009, 'Kill This Love', 2007, 3007, 210, 'K-Pop', '2020-03-20'),
(4010, 'Fake Love', 2009, 3009, 242, 'K-Pop', '2018-05-18'),
(4011, 'Faded', 2011, 3011, 212, 'EDM', '2018-01-15'),
(4012, 'On My Way', 2011, 3011, 214, 'EDM', '2018-06-10'),
(4013, 'G.O.A.T', 2012, 3012, 198, 'Punjabi', '2020-07-04'),
(4014, 'Lover', 2012, 3012, 180, 'Punjabi', '2020-08-10'),
(4015, 'Say So', 2013, 3013, 236, 'Pop', '2021-02-10'),
(4016, 'Woman', 2013, 3013, 221, 'Pop', '2021-03-12'),
(4017, 'Blue Eyes', 2014, 3014, 208, 'Hip-Hop', '2014-09-10'),
(4018, 'Love Dose', 2014, 3014, 190, 'Hip-Hop', '2014-10-22'),
(4019, 'Attention', 2015, 3015, 211, 'Pop', '2018-03-08'),
(4020, 'How Long', 2015, 3015, 196, 'Pop', '2018-05-01'),
(4021, 'Positions', 2016, 3016, 173, 'Pop', '2020-10-20'),
(4022, '34+35', 2016, 3016, 182, 'Pop', '2020-10-25'),
(4023, 'Pillowtalk', 2017, 3017, 202, 'Pop', '2016-02-10'),
(4024, 'LIKE I WOULD', 2017, 3017, 220, 'Pop', '2016-03-18'),
(4025, 'Cross Me', 2003, 3018, 244, 'Hip-Hop', '2020-06-01');


INSERT INTO Streams (stream_id, user_id, song_id, stream_date, device, skipped) VALUES
(5001, 1001, 4005, '2024-01-10 10:15:20', 'Mobile', 0),
(5002, 1002, 4001, '2024-01-10 11:22:10', 'Laptop', 0),
(5003, 1003, 4003, '2024-01-11 09:45:33', 'Tablet', 1),
(5004, 1004, 4008, '2024-01-11 12:17:50', 'Mobile', 0),
(5005, 1005, 4010, '2024-01-12 14:07:05', 'Mobile', 0),
(5006, 1006, 4006, '2024-01-12 16:25:50', 'Laptop', 1),
(5007, 1007, 4004, '2024-01-13 08:49:22', 'Smart TV', 0),
(5008, 1008, 4007, '2024-01-13 10:10:11', 'Mobile', 0),
(5009, 1009, 4009, '2024-01-13 13:32:45', 'Tablet', 0),
(5010, 1010, 4002, '2024-01-14 18:47:19', 'Mobile', 1),
(5011, 1001, 4005, '2024-01-15 09:15:20', 'Mobile', 0),
(5012, 1002, 4003, '2024-01-15 11:20:40', 'Laptop', 0),
(5013, 1003, 4008, '2024-01-15 13:05:55', 'Mobile', 1),
(5014, 1004, 4001, '2024-01-16 07:12:42', 'Mobile', 0),
(5015, 1005, 4004, '2024-01-16 20:14:20', 'Laptop', 0),
(5016, 1011, 4011, '2024-01-17 09:12:45', 'Mobile', 0),
(5017, 1012, 4015, '2024-01-17 10:25:30', 'Laptop', 1),
(5018, 1013, 4005, '2024-01-17 12:08:10', 'Tablet', 0),
(5019, 1014, 4019, '2024-01-18 08:45:22', 'Mobile', 0),
(5020, 1015, 4021, '2024-01-18 11:30:50', 'Smart TV', 1),
(5021, 1016, 4017, '2024-01-18 13:39:48', 'Laptop', 0),
(5022, 1017, 4008, '2024-01-18 15:22:10', 'Mobile', 0),
(5023, 1018, 4023, '2024-01-19 09:10:20', 'Tablet', 0),
(5024, 1019, 4006, '2024-01-19 11:05:40', 'Mobile', 1),
(5025, 1020, 4025, '2024-01-19 13:22:11', 'Laptop', 0),
(5026, 1021, 4014, '2024-01-19 16:10:05', 'Mobile', 0),
(5027, 1022, 4022, '2024-01-19 17:48:33', 'Smart TV', 0),
(5028, 1023, 4016, '2024-01-20 09:12:18', 'Tablet', 1),
(5029, 1024, 4018, '2024-01-20 10:18:55', 'Mobile', 0),
(5030, 1025, 4024, '2024-01-20 12:47:38', 'Laptop', 0),
(5031, 1008, 4012, '2024-01-20 14:52:10', 'Mobile', 0),
(5032, 1002, 4011, '2024-01-21 09:22:40', 'Laptop', 0),
(5033, 1005, 4015, '2024-01-21 10:30:00', 'Mobile', 0),
(5034, 1004, 4020, '2024-01-21 15:11:45', 'Tablet', 1),
(5035, 1001, 4021, '2024-01-21 16:45:25', 'Mobile', 0);


INSERT INTO Playlists (playlist_id, user_id, playlist_name, created_on) VALUES
(6001, 1001, 'Workout Mix', '2023-07-10'),
(6002, 1002, 'Romantic Hits', '2023-08-01'),
(6003, 1003, 'Pop Essentials', '2023-09-12'),
(6004, 1004, 'K-Pop Vibes', '2023-10-05'),
(6005, 1005, 'Rock Legends', '2023-11-01'),
(6006, 1011, 'Morning Boost', '2023-12-10'),
(6007, 1012, 'Punjabi Flow', '2023-12-15'),
(6008, 1013, 'Chill Pop', '2023-12-18'),
(6009, 1014, 'EDM Power', '2023-12-22'),
(6010, 1015, 'Love & Vibes', '2023-12-28');


INSERT INTO Playlist_Songs (playlist_id, song_id, added_on) VALUES
(6001, 4005, '2023-07-11'),
(6001, 4007, '2023-07-12'),
(6002, 4001, '2023-08-02'),
(6002, 4002, '2023-08-03'),
(6003, 4003, '2023-09-13'),
(6003, 4006, '2023-09-14'),
(6004, 4009, '2023-10-06'),
(6004, 4010, '2023-10-07'),
(6005, 4007, '2023-11-02'),
(6005, 4008, '2023-11-03'),
(6006, 4011, '2023-12-11'),
(6006, 4012, '2023-12-11'),
(6007, 4013, '2023-12-16'),
(6007, 4014, '2023-12-16'),
(6008, 4015, '2023-12-19'),
(6008, 4016, '2023-12-19'),
(6009, 4011, '2023-12-23'),
(6009, 4012, '2023-12-23'),
(6010, 4017, '2023-12-29'),
(6010, 4018, '2023-12-29');


INSERT INTO User_Subscriptions (subscription_id, user_id, selected_plan, start_date, end_date) VALUES
(7001, 1001, 'Premium', '2023-01-10', '2024-01-10'),
(7002, 1002, 'Free', '2023-02-14', '2024-02-14'),
(7003, 1003, 'Family', '2023-03-08', '2024-03-08'),
(7004, 1004, 'Premium', '2023-04-20', '2024-04-20'),
(7005, 1005, 'Free', '2023-05-11', '2024-05-11'),
(7006, 1006, 'Premium', '2023-06-01', '2024-06-01'),
(7007, 1007, 'Family', '2023-06-29', '2024-06-29'),
(7008, 1008, 'Premium', '2023-07-15', '2024-07-15'),
(7009, 1009, 'Free', '2023-08-03', '2024-08-03'),
(7010, 1010, 'Premium', '2023-08-20', '2024-08-20'),
(7011, 1011, 'Free', '2023-09-01', '2024-09-01'),
(7012, 1012, 'Premium', '2023-09-05', '2024-09-05'),
(7013, 1013, 'Family', '2023-09-10', '2024-09-10'),
(7014, 1014, 'Premium', '2023-09-14', '2024-09-14'),
(7015, 1015, 'Free', '2023-09-18', '2024-09-18'),
(7016, 1016, 'Premium', '2023-10-02', '2024-10-02'),
(7017, 1017, 'Family', '2023-10-15', '2024-10-15'),
(7018, 1018, 'Premium', '2023-10-19', '2024-10-19'),
(7019, 1019, 'Free', '2023-11-01', '2024-11-01'),
(7020, 1020, 'Premium', '2023-11-05', '2024-11-05');